time/fps,custom/status_speed_avg,custom/status_collision_mean,time/iterations,time/total_timesteps,rollout/ep_len_mean,custom/status_overtake_max,custom/reward_speed,time/time_elapsed,rollout/ep_rew_mean,train/n_updates,train/approx_kl,train/policy_gradient_loss,train/value_loss,train/clip_fraction,train/clip_range,train/loss,train/learning_rate,train/explained_variance,train/entropy_loss,train/std
511,10.932903491758148,0.0,1,8192,38.05,0,0.18221505819596917,16,18.317997260000002,,,,,,,,,,,
458,11.912552070350142,0.0,2,16384,40.11,0,0.1985425345058357,35,21.309015369999997,10,0.0067240167,-0.006642219118657522,13.984614759683609,0.08074951171875,0.2,4.36974573135376,0.0005,0.0006906390190124512,-2.849881273508072,1.0086252689361572
445,12.512343465036395,0.0,3,24576,42.8,0,0.20853905775060658,55,23.990786910000008,20,0.005392856,-0.006293672804895322,11.438397198915482,0.066943359375,0.2,3.759678602218628,0.0005,0.38070613145828247,-2.8587101683020593,1.0127102136611938
427,14.004754529596012,0.0,4,32768,41.51,0,0.23341257549326686,76,27.97126703,30,0.010776908,-0.013264820558833889,11.480940815806388,0.1489501953125,0.2,3.721435546875,0.0005,0.6272870302200317,-2.8703462436795233,1.0192902088165283
426,17.09177535320869,0.0,5,40960,40.07,0,0.28486292255347817,96,32.1423095,40,0.012956434,-0.015428829979646253,13.526448142528533,0.182080078125,0.2,6.002201557159424,0.0005,0.7075548768043518,-2.8726669907569886,1.01425039768219
427,18.48110148074761,0.0,6,49152,45.06,0,0.30801835801246025,114,39.269156370000005,50,0.010731373,-0.015253938590467442,18.84348139166832,0.14923095703125,0.2,8.61139965057373,0.0005,0.7243330478668213,-2.8588654577732084,1.0092717409133911
433,21.47117250565784,0.0,7,57344,46.33,0,0.3578528750942973,132,47.727118950000005,60,0.010100788,-0.015398472402011976,20.698552471399307,0.1440673828125,0.2,8.378969192504883,0.0005,0.7419366240501404,-2.8430819645524026,0.9975443482398987
435,24.42879810323822,0.0,8,65536,47.65,0,0.4071466350539703,150,54.584046089999994,70,0.0105249975,-0.012472332603647374,27.145093405246733,0.1231689453125,0.2,11.04848575592041,0.0005,0.7166513204574585,-2.829518747329712,0.9964236617088318
438,26.673465079810278,0.0,9,73728,46.81,0,0.4445577513301713,168,59.17166668,80,0.00781121,-0.011867807620728855,31.795879578590394,0.12889404296875,0.2,13.1990327835083,0.0005,0.7184774875640869,-2.8174962773919106,0.9874855279922485
442,27.21729774644349,0.0,10,81920,52.56,0,0.45362162910739146,185,67.22335718000001,90,0.0076985145,-0.008287126895447727,41.84841432571411,0.0944580078125,0.2,17.938810348510742,0.0005,0.6788941025733948,-2.7955898895859717,0.9750360250473022
446,28.854804503220475,0.0,11,90112,56.45,0,0.4809134083870079,201,76.49624375999998,100,0.007867832,-0.010825969971483574,38.50124313831329,0.10751953125,0.2,15.646648406982422,0.0005,0.7325211763381958,-2.7736694857478144,0.9653065800666809
451,29.383006223699688,0.0,12,98304,60.86,0,0.48971677039499484,217,84.58695853,110,0.007955571,-0.00983795044303406,47.19011487960815,0.0918212890625,0.2,22.216480255126953,0.0005,0.6977907419204712,-2.7505422815680505,0.9530641436576843
455,30.59680130191585,0.0,13,106496,69.17,0,0.5099466883652641,233,100.05510945000002,120,0.0083565395,-0.00924026727443561,47.17220885753632,0.0916259765625,0.2,26.213768005371094,0.0005,0.7012509107589722,-2.717715096473694,0.9354763627052307
460,30.548172132390434,0.0,14,114688,78.8,0,0.5091362022065072,248,113.95274010000001,130,0.0073780995,-0.007940187904750928,55.690926575660704,0.06361083984375,0.2,23.339113235473633,0.0005,0.6835165023803711,-2.6842422649264335,0.9209799766540527
466,30.07221460770934,0.0,15,122880,91.58,0,0.5012035767951557,263,130.28349179000003,140,0.006149872,-0.008049344673781888,63.10064463615417,0.07730712890625,0.2,29.720905303955078,0.0005,0.6421054005622864,-2.6498628526926042,0.9055301547050476
474,30.099912171286288,0.0,16,131072,104.06,0,0.5016652028547715,276,147.78783794999998,150,0.0069942707,-0.005683996408333769,59.715102553367615,0.05894775390625,0.2,27.985809326171875,0.0005,0.65174400806427,-2.618204262852669,0.8894200325012207
482,30.452168358589805,0.0,17,139264,111.81,0,0.5075361393098301,288,160.52571480999998,160,0.006984922,-0.004523677792167291,66.85250494480132,0.10966796875,0.2,34.696563720703125,0.0005,0.632073163986206,-2.5892615109682082,0.8810449838638306
491,31.07797153403076,0.0,18,147456,127.66,0,0.5179661922338461,299,186.86241857999997,170,0.0073539424,-0.0029147467263101134,66.16449279785157,0.06788330078125,0.2,28.487136840820312,0.0005,0.6606380939483643,-2.566038763523102,0.8680383563041687
498,32.13100732068762,0.0,19,155648,133.35,0,0.535516788678127,311,200.07328238000002,180,0.005143513,-0.002608238959510345,59.40757305622101,0.040673828125,0.2,22.972671508789062,0.0005,0.6611720323562622,-2.5385038554668427,0.8557752370834351
504,31.304332180034926,0.0,20,163840,138.9,0,0.5217388696672488,324,209.04247806999996,190,0.00383268,-0.002666758368286537,86.45874681472779,0.03883056640625,0.2,41.70199203491211,0.0005,0.5755559802055359,-2.51871075630188,0.8515722751617432
510,32.827519907614786,0.0,21,172032,145.63,0,0.5471253317935797,336,220.8994327,200,0.0042284154,-0.0025177342642564325,64.9248409986496,0.05198974609375,0.2,29.298030853271484,0.0005,0.6553280353546143,-2.5101797968149184,0.8469001650810242
515,31.502158511917262,0.0,22,180224,148.34,0,0.5250359751986211,349,225.58420612,210,0.0068210834,-0.0013897681295929943,83.19076330661774,0.04775390625,0.2,35.881412506103516,0.0005,0.6120508313179016,-2.5174490764737127,0.8570621609687805
519,32.28866565071105,0.0,23,188416,147.39,0,0.5381444275118508,363,221.77156184,220,0.0055328757,-0.002543626737315208,66.2559725522995,0.03399658203125,0.2,24.826908111572266,0.0005,0.6855274438858032,-2.5316809102892877,0.8586819171905518
523,32.2919110942472,0.0,24,196608,142.7,0,0.5381985182374533,375,218.16377162,230,0.00571792,-0.0027734716932172887,94.2095943927765,0.041943359375,0.2,44.78786087036133,0.0005,0.5783638954162598,-2.5291704431176187,0.8558582067489624
527,32.65961442061417,0.0,25,204800,157.83,0,0.5443269070102361,388,243.43193094000003,240,0.009163191,-0.0023076428507920353,76.20437836647034,0.050537109375,0.2,34.5640869140625,0.0005,0.6485036611557007,-2.5262130320072176,0.8566391468048096
530,32.97573119866186,0.0,26,212992,156.11,0,0.5495955199776977,401,243.357073,250,0.0039401194,-0.0023098558260244316,79.19704186916351,0.05379638671875,0.2,43.591407775878906,0.0005,0.6352311968803406,-2.5288272529840468,0.8582230806350708
533,32.00717151232077,0.0,27,221184,172.52,0,0.5334528585386793,414,262.99556866,260,0.0041773645,-0.0034600481965753717,73.42967538833618,0.04105224609375,0.2,40.5825309753418,0.0005,0.6651262044906616,-2.539977829158306,0.8647496700286865
536,32.924529378285186,0.0,28,229376,177.33,0,0.5487421563047531,427,270.84448284,270,0.0065189507,-0.0011317689015413635,54.39753694534302,0.0812744140625,0.2,32.92057418823242,0.0005,0.7540826797485352,-2.548077639937401,0.8659449815750122
539,33.32881800217495,0.0,29,237568,155.58,0,0.5554803000362492,440,244.67719394,280,0.004313365,-0.0019282272114651278,82.24123442173004,0.0444091796875,0.2,45.776123046875,0.0005,0.6557871103286743,-2.546418848633766,0.864319384098053
542,34.61398259330714,0.0,30,245760,150.71,0,0.5768997098884524,452,240.94148765000003,290,0.006526943,-0.0027122839528601617,73.63670792579651,0.05291748046875,0.2,30.317529678344727,0.0005,0.7067392468452454,-2.5412589728832247,0.8601828813552856
545,33.923456051957565,0.0,31,253952,157.99,0,0.5653909341992928,465,254.21847166999999,300,0.0029813112,-0.0030056642266572454,87.34790303707123,0.0435791015625,0.2,40.08818435668945,0.0005,0.6932742595672607,-2.530554383993149,0.8568364381790161
547,34.472929458571144,0.0,32,262144,161.79,0,0.5745488243095189,478,261.46571727,310,0.004792738,-0.003446004251600243,76.68666660785675,0.06011962890625,0.2,39.17148971557617,0.0005,0.6913490295410156,-2.5271870329976083,0.8578906059265137
550,33.6301375853803,0.0,33,270336,162.65,0,0.5605022930896717,491,263.48599188000003,320,0.008298221,-0.0009164353614323772,83.85714845657348,0.06444091796875,0.2,42.88657760620117,0.0005,0.6965075731277466,-2.534118503332138,0.8612345457077026
552,34.98928550502257,0.0,34,278528,170.08,0,0.5831547584170428,503,275.97311385,330,0.0038510705,-0.002535480615188135,73.7205444097519,0.03931884765625,0.2,34.655799865722656,0.0005,0.7009169459342957,-2.5380339697003365,0.8609151840209961
554,34.344486494635305,0.0,35,286720,180.01,0,0.5724081082439219,516,293.64978754,340,0.0031920935,0.00015486256888834759,90.40665860176087,0.07188720703125,0.2,52.4075927734375,0.0005,0.6232357621192932,-2.5390384405851365,0.864581286907196
556,34.14182098653757,0.0,36,294912,181.98,0,0.5690303497756262,529,295.65538322,350,0.005612317,-0.0022570133849512787,71.1620402097702,0.037109375,0.2,39.6856575012207,0.0005,0.7116131782531738,-2.5419212177395822,0.8633403778076172
558,33.91384940230604,0.0,37,303104,183.14,0,0.5652308233717674,542,295.39231506,360,0.007938947,-0.0031663491899962537,83.4861697435379,0.0599609375,0.2,31.638916015625,0.0005,0.6720743775367737,-2.5498541250824927,0.872164249420166
560,33.973622703712195,0.0,38,311296,173.21,0,0.5662270450618699,555,279.74357965,370,0.008802233,-0.001547155706794001,76.42667386531829,0.06778564453125,0.2,32.34108352661133,0.0005,0.7448071837425232,-2.5730820298194885,0.8828527331352234
561,33.57773635979378,0.0,39,319488,162.76,0,0.5596289393298963,568,259.61717583,380,0.004431806,-0.0011196397972526029,84.77569525241852,0.04547119140625,0.2,32.27599334716797,0.0005,0.7145799398422241,-2.5987699404358864,0.8939422369003296
564,33.307447596117996,0.0,40,327680,167.41,0,0.5551241266019666,580,265.21970511,390,0.006180311,-0.00194592930492945,82.35272850990296,0.04937744140625,0.2,40.96818923950195,0.0005,0.7189420461654663,-2.6094751983880995,0.894696831703186
565,34.37940028649447,0.0,41,335872,160.32,0,0.5729900047749079,593,257.47173393,400,0.00800715,-0.0043070701431133784,73.71120867729186,0.093408203125,0.2,30.402793884277344,0.0005,0.7221299409866333,-2.6088903144001963,0.894393801689148
567,34.256597922306334,0.0,42,344064,156.71,0,0.5709432987051055,606,254.01716757999998,410,0.0063143405,-0.002751243879174581,85.15604410171508,0.06871337890625,0.2,35.5947380065918,0.0005,0.678101122379303,-2.615482099354267,0.8993844389915466
568,34.13579653808641,0.0,43,352256,169.59,0,0.5689299423014402,619,271.68750012,420,0.006155221,-0.0007818290636350866,77.8664954662323,0.06142578125,0.2,36.65732192993164,0.0005,0.7389028072357178,-2.620850610733032,0.9007848501205444
569,34.38394242744949,0.0,44,360448,172.98,0,0.5730657071241583,632,281.20819159999996,430,0.005615741,-0.0031579324218910187,69.4113550901413,0.063232421875,0.2,35.140899658203125,0.0005,0.7469278573989868,-2.6258620485663413,0.9058045148849487
571,33.717843441446796,0.0,45,368640,181.58,0,0.5619640573574466,645,292.62804658000005,440,0.004609671,-0.0018359924761170987,78.79026658535004,0.07369384765625,0.2,43.34215545654297,0.0005,0.7026975154876709,-2.634281261265278,0.9075523614883423
572,34.15893789140922,0.0,46,376832,171.29,0,0.5693156315234869,658,275.69720938,450,0.004184478,-0.0021462865362991577,72.0609260559082,0.03719482421875,0.2,36.700958251953125,0.0005,0.722652792930603,-2.6533091738820076,0.9226828813552856
573,32.70903649754791,0.0,47,385024,171.31,0,0.5451506082924651,671,271.14543232,460,0.0042588413,-0.0014459185680607335,84.40247240066529,0.035205078125,0.2,36.692718505859375,0.0005,0.683645486831665,-2.6744347721338273,0.930161714553833
574,33.276570548319526,0.0,48,393216,171.83,0,0.5546095091386588,684,268.40054574999994,470,0.0063633746,-0.0013757799002632964,76.42747375965118,0.047021484375,0.2,42.91057586669922,0.0005,0.6933453679084778,-2.6843155562877654,0.9328904151916504
575,33.75329088203624,0.0,49,401408,174.99,0,0.5625548480339373,697,277.83519837000006,480,0.009821976,-0.00213061582762748,76.09358150959015,0.05062255859375,0.2,40.255393981933594,0.0005,0.6700040102005005,-2.6853084161877634,0.9350190162658691
577,32.844022203657275,0.0,50,409600,180.12,0,0.5474003700609545,709,284.39113638000003,490,0.0052574947,-0.0014637934655183926,72.36383452415467,0.05037841796875,0.2,43.01374435424805,0.0005,0.7418109178543091,-2.701786530017853,0.9463246464729309
578,33.59497307888319,0.0,51,417792,173.8,0,0.5599162179813865,722,274.94608211999997,500,0.00813848,-0.0016544703110412228,70.25887598991395,0.04853515625,0.2,30.362979888916016,0.0005,0.7437993288040161,-2.703469270467758,0.9431768655776978
578,34.74448963872194,0.0,52,425984,163.31,0,0.5790748273120323,736,262.65472006,510,0.0034894925,-0.003986306504521054,75.19569959640503,0.05665283203125,0.2,42.66888427734375,0.0005,0.7243391275405884,-2.6844056725502012,0.9323606491088867
579,34.365333576970556,0.0,53,434176,162.23,0,0.572755559616176,749,265.05486136,520,0.010424096,-0.0031382012020912953,83.65009608268738,0.0607666015625,0.2,37.57687759399414,0.0005,0.7268851399421692,-2.674993832409382,0.9349982738494873
580,35.00001906196475,0.0,54,442368,170.43,0,0.5833336510327458,762,279.50479719,530,0.0050880574,-0.00113689153076848,82.30020272731781,0.05648193359375,0.2,40.567108154296875,0.0005,0.70961594581604,-2.6701423600316048,0.9322999715805054
581,33.79066450888776,0.0,55,450560,185.76,0,0.5631777418147959,774,302.0669425,540,0.0053901076,-0.0040582697467471006,74.7931259393692,0.0520263671875,0.2,42.7039909362793,0.0005,0.7255111932754517,-2.6698471799492838,0.9376558065414429
581,35.428800060334424,0.0,56,458752,183.39,0,0.5904800010055736,788,299.12369724,550,0.004873978,-0.0029767251398880035,65.95922281742097,0.06519775390625,0.2,32.53196334838867,0.0005,0.747867226600647,-2.6802601546049116,0.9425382614135742
582,35.87898268960123,0.0,57,466944,164.68,0,0.5979830448266871,801,274.54546988,560,0.0064893006,-0.0018795341173245105,97.36039624214172,0.06094970703125,0.2,41.84126281738281,0.0005,0.6616123914718628,-2.6793021485209465,0.9421881437301636
582,36.898014713271834,0.0,58,475136,164.73,0,0.6149669118878639,815,282.2328976,570,0.006147675,-0.0011642030614893884,93.61809673309327,0.07188720703125,0.2,33.92850875854492,0.0005,0.674974799156189,-2.6730019226670265,0.9396979808807373
583,37.439368146670425,0.0,59,483328,150.63,0,0.6239894691111738,828,265.46397844,580,0.012782067,-0.0019016058846318628,92.418985414505,0.07601318359375,0.2,43.74256134033203,0.0005,0.6770567893981934,-2.6871289417147635,0.9556052684783936
584,35.59610514621558,0.0,60,491520,163.44,0,0.5932684191035928,841,281.12580558999997,590,0.0068666725,-0.0019197501431335695,114.86720061302185,0.07061767578125,0.2,48.45690155029297,0.0005,0.6520720720291138,-2.7215894624590873,0.9732221364974976
586,36.20846359600213,0.0,61,499712,169.84,0,0.6034743932667022,852,286.06471319,600,0.004412404,-0.0011701632203767077,85.53107643127441,0.03828125,0.2,33.62602233886719,0.0005,0.69873046875,-2.742422823607922,0.9801313877105713
588,35.140660440838204,0.0,62,507904,163.95,0,0.58567767401397,863,275.91284457,610,0.004629501,-0.0018284923848113977,97.897177028656,0.06319580078125,0.2,39.98395538330078,0.0005,0.6786819696426392,-2.7668315902352334,0.9981207847595215
590,35.58886662486135,0.0,63,516096,171.75,0,0.5931477770810225,874,286.84637532000005,620,0.0046038274,-0.00199563677306287,97.86774787902831,0.0656494140625,0.2,45.05094909667969,0.0005,0.6073495149612427,-2.7947335988283157,1.011306881904602
591,35.491111973392094,0.0,64,524288,179.15,0,0.5915185328898683,886,298.83789868,630,0.0061075706,-0.0019440365751506761,87.20579798221588,0.04041748046875,0.2,41.44756317138672,0.0005,0.7026408910751343,-2.8058598697185517,1.0157939195632935
593,36.87134752482608,0.0,65,532480,166.92,0,0.6145224587471013,897,284.23810006,640,0.009713375,-0.0007229286973597481,98.88987889289857,0.10023193359375,0.2,44.14740753173828,0.0005,0.6438400745391846,-2.8183897748589515,1.0295372009277344
594,36.36847754966543,0.0,66,540672,154.01,0,0.6061412924944238,908,265.83505568,650,0.0038599719,6.607281102333218e-06,103.08041653633117,0.04439697265625,0.2,55.282325744628906,0.0005,0.6667371988296509,-2.8448523208498955,1.0440948009490967
596,36.41028754925489,0.0,67,548864,153.74,0,0.6068381258209148,920,262.51916279,660,0.003471173,-0.001310634965193458,95.91301255226135,0.05186767578125,0.2,32.292930603027344,0.0005,0.6951626539230347,-2.8713768526911734,1.0628045797348022
598,35.565602108690264,0.0,68,557056,167.35,0,0.5927600351448377,930,285.33842999,670,0.004991149,-0.002402496023569256,102.00714235305786,0.04571533203125,0.2,46.743247985839844,0.0005,0.6713607311248779,-2.8916145980358126,1.0710177421569824
599,35.34839018879825,0.0,69,565248,174.99,0,0.5891398364799708,943,296.5491182,680,0.003926839,-0.000959687025169842,90.1723002910614,0.06353759765625,0.2,38.920433044433594,0.0005,0.6401723623275757,-2.9022367864847185,1.0818982124328613
599,35.719090425851434,0.0,70,573440,170.69,0,0.5953181737641906,956,284.71035528000004,690,0.006146128,-0.0013143251202563989,102.10248007774354,0.0349365234375,0.2,53.432708740234375,0.0005,0.6529680490493774,-2.911129754781723,1.083817720413208
599,34.8219575985591,0.0,71,581632,168.19,0,0.580365959975985,970,277.54426428000005,700,0.004591991,-0.0022166942995681892,100.38289971351624,0.0693359375,0.2,45.21491241455078,0.0005,0.6461479663848877,-2.928238797187805,1.1057498455047607
599,35.29204204476583,0.0,72,589824,164.04,0,0.5882007007460972,983,271.3150081,710,0.0077316994,-0.0021289091142534743,89.17501912117004,0.0563720703125,0.2,47.81653594970703,0.0005,0.6926993131637573,-2.9469890028238295,1.1120508909225464
599,34.70505333340425,0.0,73,598016,160.8,0,0.5784175555567375,996,264.53354219,720,0.0088495575,-0.003068828795221634,98.6988037109375,0.0829833984375,0.2,50.68880081176758,0.0005,0.6840870976448059,-2.9534595727920534,1.1157729625701904
600,35.800322566168745,0.0,74,606208,163.62,0,0.596672042769479,1010,269.90264943,730,0.010125755,-0.003836827068880666,90.90144524574279,0.08411865234375,0.2,37.19957733154297,0.0005,0.6955732107162476,-2.9534918159246444,1.1108477115631104
600,36.98273454712235,0.0,75,614400,152.17,0,0.6163789091187057,1023,261.20061881,740,0.0028054412,-0.0017462569332565181,101.42154169082642,0.036669921875,0.2,56.66521072387695,0.0005,0.6787223815917969,-2.947376972436905,1.1164731979370117
600,35.853946704346384,0.0,76,622592,159.02,0,0.597565778405773,1036,275.14283673,750,0.004474424,-0.0007812278628989589,107.57928285598754,0.07894287109375,0.2,54.28484344482422,0.0005,0.6817014217376709,-2.9567920491099358,1.125006914138794
600,35.291999307347865,0.0,77,630784,168.48,0,0.5881999884557977,1050,282.7127915599999,760,0.0038886853,-0.0023853827922721395,82.13445467948914,0.0407470703125,0.2,37.51893997192383,0.0005,0.7017278671264648,-2.9576366528868676,1.123759388923645
600,35.76541497707895,0.0,78,638976,176.6,0,0.5960902496179824,1064,294.63418185999996,770,0.0048855674,-0.003656271285217372,85.6183125257492,0.05015869140625,0.2,39.93424606323242,0.0005,0.7292543649673462,-2.964704319834709,1.1310253143310547
600,35.82080393764979,0.0,79,647168,170.29,0,0.5970133989608299,1077,288.21404502,780,0.005754431,-0.0006640048908593599,87.92092227935791,0.07880859375,0.2,37.351524353027344,0.0005,0.6907347440719604,-2.97064271569252,1.1380585432052612
600,35.3236355429147,0.0,80,655360,188.88,0,0.5887272590485784,1090,315.68462588,790,0.0046730964,-0.0013123254262609406,94.21783342361451,0.0682861328125,0.2,38.96973419189453,0.0005,0.6714693307876587,-2.9850338086485864,1.1519720554351807
601,35.547285250703624,0.0,81,663552,197.72,0,0.5924547541783939,1103,330.76835664,800,0.0046919254,-0.002353823550220113,69.62634122371674,0.04698486328125,0.2,25.363697052001953,0.0005,0.7326284646987915,-3.011944741010666,1.1640772819519043
601,37.063082526100274,0.0,82,671744,189.15,0,0.6177180421016712,1116,322.20807469999994,810,0.0056234547,-0.00121928221633425,78.97943024635315,0.06783447265625,0.2,35.14883804321289,0.0005,0.7212965488433838,-3.018645928800106,1.1615643501281738
601,35.181813668029264,0.0,83,679936,191.09,0,0.586363561133821,1130,322.44953397000006,820,0.0030540538,-0.0010310142657544929,85.89989454746247,0.06134033203125,0.2,37.2736930847168,0.0005,0.7249643206596375,-3.0260962560772895,1.1707652807235718
602,35.530684092066025,0.0,84,688128,187.7,0,0.5921780682011004,1142,317.39216010999996,830,0.004731442,-0.000592122097441461,77.4751571893692,0.085009765625,0.2,43.81089401245117,0.0005,0.7384934425354004,-3.0353259086608886,1.1859968900680542
602,35.509895118150354,0.0,85,696320,189.31,0,0.5918315853025058,1156,315.93230729,840,0.0043454627,-0.002415391667454969,84.01624536514282,0.04842529296875,0.2,33.22836685180664,0.0005,0.7164121866226196,-3.044337573647499,1.1899731159210205
602,34.72507069824624,0.0,86,704512,188.5,0,0.5787511783041042,1169,314.34408899000005,850,0.0031434542,-0.001265923408936942,78.0021948337555,0.05792236328125,0.2,34.32762145996094,0.0005,0.74885094165802,-3.058474087715149,1.2051162719726562
602,36.00383669020603,0.0,87,712704,166.8,0,0.6000639448367671,1183,278.56854829,860,0.0038680504,-0.001218142703146441,86.33894970417023,0.05703125,0.2,34.491844177246094,0.0005,0.6923844814300537,-3.079790909588337,1.2268775701522827
602,35.85027861610804,0.0,88,720896,160.61,0,0.5975046436018008,1196,271.50092297,870,0.0053257216,-0.003774708891432965,109.53241930007934,0.06202392578125,0.2,50.79502868652344,0.0005,0.6583834886550903,-3.0848697036504746,1.2188026905059814
602,36.58984534846876,0.0,89,729088,161.63,0,0.6098307558078125,1209,275.25763830000005,880,0.0055310125,-0.0012251583684701473,89.09291501045227,0.06456298828125,0.2,34.6642951965332,0.0005,0.697451651096344,-3.0894801735877992,1.2298600673675537
602,36.275251127933075,0.0,90,737280,150.17,0,0.6045875187988845,1223,259.57556124,890,0.002521761,-0.0007705011710640974,100.58931069374084,0.061474609375,0.2,42.40116500854492,0.0005,0.6606691479682922,-3.1121816113591194,1.2480239868164062
603,34.75386657211881,0.0,91,745472,168.97,0,0.5792311095353134,1236,285.38633210000006,900,0.003962403,-0.0014552470413036645,98.02669930458069,0.0408935546875,0.2,34.15982437133789,0.0005,0.7032663822174072,-3.1461826249957086,1.279425859451294
603,35.158512947496746,0.0,92,753664,191.5,0,0.5859752157916124,1249,316.18804858,910,0.004616229,-0.0034800647750671486,65.41673181056976,0.04801025390625,0.2,27.13011932373047,0.0005,0.7624755501747131,-3.1576913475990294,1.273033618927002
603,34.19951286825619,0.0,93,761856,181.22,0,0.5699918811376031,1262,299.80880575,920,0.0062214993,-0.0027682607236783952,86.70976312160492,0.0539794921875,0.2,38.23577880859375,0.0005,0.7330346703529358,-3.1595089197158814,1.2988687753677368
603,36.786110666053816,0.0,94,770048,172.36,0,0.6131018444342303,1275,288.69861528,930,0.007522854,-0.0032388175881351345,78.77652933597565,0.05032958984375,0.2,37.00307083129883,0.0005,0.7211273908615112,-3.161598581075668,1.2918267250061035
603,34.904429003626866,0.0,95,778240,174.19,0,0.5817404833937811,1288,291.24859101,940,0.005449415,0.00019653804338304326,94.91257700920104,0.06888427734375,0.2,47.094749450683594,0.0005,0.7084282636642456,-3.1699105203151703,1.3126585483551025
604,35.341142202637926,0.0,96,786432,177.56,0,0.589019036710632,1301,297.65930908,950,0.0030476504,-0.0020748196489876135,90.91483190059662,0.04183349609375,0.2,35.070194244384766,0.0005,0.6756287217140198,-3.174844543635845,1.3080055713653564
604,35.56529504097675,0.0,97,794624,173.01,0,0.5927549173496124,1314,289.25962302,960,0.0063161445,0.0010741396377852651,82.56713585853576,0.0911865234375,0.2,44.14214324951172,0.0005,0.7130175828933716,-3.184149716794491,1.3263592720031738
604,35.38895591043688,0.0,98,802816,169.55,0,0.5898159318406146,1327,283.54687595,970,0.0037889353,-0.0035334067229996434,87.46326017379761,0.05399169921875,0.2,42.060550689697266,0.0005,0.7187921404838562,-3.194938151538372,1.3277490139007568
604,38.11532421176989,0.0,99,811008,166.81,0,0.6352554035294982,1340,287.4928373000001,980,0.007939981,-0.0014366124014486559,81.62425374984741,0.074560546875,0.2,44.240089416503906,0.0005,0.7031244039535522,-3.186575399339199,1.3272778987884521
605,35.29543519995863,0.0,100,819200,167.42,0,0.588257253332644,1353,288.94737534,990,0.0049762893,-0.001999740704195574,105.31217098236084,0.03531494140625,0.2,38.92519760131836,0.0005,0.6820604801177979,-3.1984793528914452,1.3527933359146118
605,35.31062334328233,0.0,101,827392,178.35,0,0.5885103890547057,1366,301.20299940999996,1000,0.008320592,-0.002375700477932696,77.48489034175873,0.0592041015625,0.2,38.359474182128906,0.0005,0.7393771409988403,-3.214772580564022,1.3577234745025635
605,35.72122185919224,0.0,102,835584,174.25,0,0.5953536976532041,1379,292.45316027,1010,0.007892476,0.0015057408309075981,84.52131071090699,0.11126708984375,0.2,32.513465881347656,0.0005,0.7123419642448425,-3.216187685728073,1.3682087659835815
606,36.51726886792211,0.0,103,843776,178.46,0,0.6086211477987018,1392,301.85476831,1020,0.0058889696,-0.0025153864451567644,95.22072439193725,0.061962890625,0.2,47.927452087402344,0.0005,0.6795755624771118,-3.234295827150345,1.387081265449524
606,36.30104981514987,0.0,104,851968,164.75,0,0.6050174969191644,1405,283.81635122999995,1030,0.004210001,-0.0015340328543970827,85.93040001392365,0.05323486328125,0.2,45.56365966796875,0.0005,0.7031509876251221,-3.2470688596367836,1.3892126083374023
606,35.093933085686004,0.0,105,860160,176.4,0,0.5848988847614334,1418,299.21522946,1040,0.005255711,-0.0008957009158621076,88.87486600875854,0.06729736328125,0.2,36.72402572631836,0.0005,0.7240654826164246,-3.2559836328029634,1.4012075662612915
606,36.119605412210376,0.0,106,868352,172.1,0,0.6019934235368396,1431,287.7017321,1050,0.005403849,-0.0023411279486026614,83.9092425584793,0.04232177734375,0.2,34.266387939453125,0.0005,0.7400055527687073,-3.2672057807445527,1.408956527709961
606,36.370248483495146,0.0,107,876544,160.86,0,0.6061708080582526,1444,274.35021152999997,1060,0.005350775,-0.0011951175183639862,95.0801170349121,0.03529052734375,0.2,36.6609001159668,0.0005,0.694082498550415,-3.2753026351332664,1.4148774147033691
606,35.81984499488226,0.0,108,884736,172.24,0,0.596997416581371,1457,295.26092597999997,1070,0.007139902,-0.003788402070495067,108.62543411254883,0.0685546875,0.2,56.38127899169922,0.0005,0.6580984592437744,-3.2777178436517715,1.427438497543335
606,36.55138592409752,0.0,109,892928,181.07,0,0.6091897654016253,1471,308.11547269,1080,0.0037813524,-0.002330620967404684,78.85841858386993,0.03583984375,0.2,40.36214065551758,0.0005,0.7180172801017761,-3.2812066599726677,1.4318584203720093
607,35.41134109784018,0.0,110,901120,169.26,0,0.5901890182973363,1484,288.30460596999995,1090,0.005211953,-0.0010909570453804917,104.87086668014527,0.04127197265625,0.2,56.139915466308594,0.0005,0.6755116581916809,-3.2941512420773504,1.4505736827850342
607,37.28040031254261,0.0,111,909312,174.97,0,0.6213400052090435,1497,298.32422965999996,1100,0.0064731757,-0.0016458144862554036,76.45319168567657,0.05396728515625,0.2,37.32044982910156,0.0005,0.7284097075462341,-3.298692812025547,1.4429203271865845
607,36.19336856941045,0.0,112,917504,174.99,0,0.6032228094901743,1510,300.19388659,1110,0.0026943951,-0.001040890859439969,97.69409289360047,0.03529052734375,0.2,45.14628219604492,0.0005,0.6900534629821777,-3.3010402739048006,1.4584132432937622
607,35.61301543587512,0.0,113,925696,180.35,0,0.5935502572645854,1524,308.07062356,1120,0.0053701913,-0.0011154460138641299,89.96231234073639,0.08533935546875,0.2,45.41359329223633,0.0005,0.6965258121490479,-3.3144632250070574,1.468362808227539
607,36.677797974628284,0.0,114,933888,184.45,0,0.6112966329104714,1537,314.27824561,1130,0.0022734967,-0.0007382750678516459,90.81392469406128,0.0243408203125,0.2,49.11433410644531,0.0005,0.7166976928710938,-3.328205382823944,1.4814748764038086
607,35.99267585528297,0.0,115,942080,179.1,0,0.5998779309213828,1550,305.69748423,1140,0.003200473,-0.0008461912606435362,90.56136755943298,0.0338134765625,0.2,51.75348663330078,0.0005,0.7354190349578857,-3.3389522686600683,1.4955148696899414
607,35.58627932795727,0.0,116,950272,185.11,0,0.5931046554659546,1564,313.85061012,1150,0.004475251,-0.0022025960410246626,90.74101922512054,0.04842529296875,0.2,33.74655532836914,0.0005,0.6659893989562988,-3.347979287803173,1.5047527551651
607,35.67951915636124,0.0,117,958464,190.22,0,0.5946586526060207,1577,320.02529935999996,1160,0.0067647016,-0.0031686040922068058,81.94602427482604,0.04332275390625,0.2,35.69381332397461,0.0005,0.7233157157897949,-3.3549418464303016,1.5077884197235107
607,36.426891527370955,0.0,118,966656,181.53,0,0.6071148587895159,1591,309.47503600000005,1170,0.008701074,-0.0024241367864306085,77.82973396778107,0.05869140625,0.2,37.940643310546875,0.0005,0.7104635238647461,-3.3513664275407793,1.4977047443389893
607,36.851773332082274,0.0,119,974848,169.37,0,0.6141962222013713,1604,290.85687834000004,1180,0.004620853,-0.002869608283799607,107.94586296081543,0.04945068359375,0.2,49.57501220703125,0.0005,0.668847918510437,-3.3486051887273787,1.5127166509628296
607,36.358024885576825,0.0,120,983040,175.27,0,0.6059670814262803,1618,302.04790074,1190,0.00984634,-0.002614317223924445,101.65268301963806,0.05194091796875,0.2,47.42578887939453,0.0005,0.6847388744354248,-3.3606219828128814,1.5250446796417236
607,35.44226520582872,0.0,121,991232,179.63,0,0.5907044200971454,1631,306.45707576,1200,0.0040600332,-0.0009331115790701006,79.83972191810608,0.063134765625,0.2,45.84112548828125,0.0005,0.7384368181228638,-3.3809627071022987,1.541773796081543
607,36.040510788138825,0.0,122,999424,184.48,0,0.6006751798023138,1644,309.63314802,1210,0.0037665833,-0.0015824338726815768,86.84669275283814,0.0580322265625,0.2,36.14137268066406,0.0005,0.7140901684761047,-3.405254863202572,1.5758501291275024
607,34.606090432076044,0.0,123,1007616,188.1,0,0.5767681738679342,1657,312.31529539999997,1220,0.004092177,-0.002379945088614477,84.84990255832672,0.0603515625,0.2,41.64855194091797,0.0005,0.7239826917648315,-3.434093990921974,1.596065878868103
608,36.3010434078644,0.0,124,1015808,179.29,0,0.6050173901310733,1670,302.05725086999996,1230,0.0054931035,-0.0018948554978123866,81.09650151729583,0.0544921875,0.2,30.25632095336914,0.0005,0.7480682134628296,-3.4608849376440047,1.629465103149414
608,34.66456812559011,0.0,125,1024000,182.08,0,0.5777428020931683,1683,304.22244756,1240,0.00389592,-0.002258268118748674,87.4349104642868,0.043896484375,0.2,42.2418327331543,0.0005,0.7379133701324463,-3.483372437953949,1.6532702445983887
608,34.99882861565883,0.0,126,1032192,194.05,0,0.5833138102609805,1695,321.47105467,1250,0.009822449,-0.000634243103559129,80.77356350421906,0.07117919921875,0.2,28.148027420043945,0.0005,0.7424561977386475,-3.494224226474762,1.6488620042800903
608,35.1901996672143,0.0,127,1040384,200.26,0,0.586503327786905,1708,327.81048508,1260,0.010200344,-0.0020734642355819234,76.33229720592499,0.06597900390625,0.2,30.927974700927734,0.0005,0.731049656867981,-3.492689698934555,1.64453125
609,35.81311006193076,0.0,128,1048576,184.79,0,0.596885167698846,1721,310.40927641999997,1270,0.007564677,-0.002124926844408037,77.98225378990173,0.0703125,0.2,45.75278091430664,0.0005,0.7608626484870911,-3.490808109939098,1.6528842449188232
609,35.97677694984741,0.0,129,1056768,171.66,0,0.5996129491641236,1734,290.55650214,1280,0.0048442064,-0.0024000350400456226,85.40891489982604,0.0481689453125,0.2,41.13063430786133,0.0005,0.7175658941268921,-3.4968525886535646,1.683903694152832
609,36.2357041875331,0.0,130,1064960,169.0,0,0.6039284031255516,1747,288.76078685,1290,0.0049506305,-0.0008604357291915222,87.79078686237335,0.04564208984375,0.2,37.33552932739258,0.0005,0.7302850484848022,-3.5231556102633474,1.7161203622817993
609,35.6452571974212,0.0,131,1073152,176.84,0,0.59408761995702,1760,299.74014929000003,1300,0.0035138454,-0.0017577017555595376,74.23902297019958,0.07576904296875,0.2,35.99148941040039,0.0005,0.7624143362045288,-3.538163909316063,1.7159805297851562
609,36.0269675615924,0.0,132,1081344,184.22,0,0.6004494593598734,1773,311.02512828,1310,0.005944575,-0.0026467171890544707,78.94337372779846,0.0589599609375,0.2,42.655513763427734,0.0005,0.7528331279754639,-3.5476207792758943,1.7294559478759766
609,35.386376052459326,0.0,133,1089536,186.17,0,0.5897729342076555,1786,313.56006238000003,1320,0.0042241304,-0.0010505752346944065,81.95041561126709,0.0441650390625,0.2,35.960906982421875,0.0005,0.74836266040802,-3.557507276535034,1.7407045364379883
609,35.32115193564303,0.0,134,1097728,180.68,0,0.5886858655940505,1800,303.91222681999994,1330,0.00607163,-0.003018855064874515,74.5684875011444,0.04879150390625,0.2,32.42681121826172,0.0005,0.7311493754386902,-3.5637412548065184,1.760762333869934
609,36.15658323467402,0.0,135,1105920,180.77,0,0.6026097205779002,1813,305.84018330999993,1340,0.01160316,-0.001173825326259248,97.05544004440307,0.10306396484375,0.2,48.41642379760742,0.0005,0.6835343837738037,-3.56953237503767,1.7658480405807495
610,36.690270899214916,0.0,136,1114112,179.18,0,0.6115045149869154,1825,303.32799761,1350,0.0024285389,-0.0014245225363993085,88.39529478549957,0.03724365234375,0.2,43.801414489746094,0.0005,0.6977524757385254,-3.577474594116211,1.7904130220413208
610,35.71598532769809,0.0,137,1122304,176.97,0,0.5952664221283015,1839,301.85648878,1360,0.003515325,-0.0004130613542656647,93.49568247795105,0.049462890625,0.2,49.029178619384766,0.0005,0.6809210181236267,-3.5940149888396262,1.8077335357666016
610,35.86881133577788,0.0,138,1130496,182.93,0,0.5978135222629648,1852,310.89771604000003,1370,0.0051701665,-0.0016450761540909298,97.8684184551239,0.0732421875,0.2,48.33763122558594,0.0005,0.6666162014007568,-3.6017474472522735,1.8122271299362183
610,36.40232558379023,0.0,139,1138688,181.52,0,0.6067054263965038,1866,309.63007811,1380,0.010332688,-0.0016615991102298723,81.27910914421082,0.0753662109375,0.2,38.71772384643555,0.0005,0.7183269262313843,-3.60725579559803,1.8299723863601685
610,36.18313082000755,0.0,140,1146880,174.77,0,0.6030521803334592,1879,296.30791113000004,1390,0.006592892,-0.0014810498534643557,91.9633638381958,0.0406005859375,0.2,41.218841552734375,0.0005,0.7021944522857666,-3.6453066155314446,1.8988240957260132
610,35.5513568688051,0.0,141,1155072,175.85,0,0.592522614480085,1892,298.98261023,1400,0.0027472272,-0.0012525876227300614,82.71136016845703,0.032861328125,0.2,42.7150993347168,0.0005,0.7397702932357788,-3.6771038442850115,1.906736135482788
610,35.064685435632775,0.0,142,1163264,185.9,0,0.5844114239272129,1905,311.86665847,1410,0.004907176,-0.0013710206985706463,81.71423530578613,0.0537353515625,0.2,32.27140808105469,0.0005,0.7273296117782593,-3.6814229235053064,1.9252099990844727
610,35.93200953584681,0.0,143,1171456,193.27,0,0.5988668255974468,1918,322.11319392,1420,0.0036002297,-0.0024003836551855784,64.51510646343232,0.04156494140625,0.2,30.353113174438477,0.0005,0.7739253640174866,-3.6922222107648848,1.9488604068756104
610,36.32154773331793,0.0,144,1179648,165.35,0,0.6053591288886322,1931,281.07114365999996,1430,0.003652847,-0.00017769052501535044,77.61614742279053,0.061572265625,0.2,35.37044906616211,0.0005,0.7652900218963623,-3.702547553181648,1.9594043493270874
610,38.17714831597459,0.0,145,1187840,155.58,0,0.6362858052662432,1944,273.45083740999996,1440,0.0071861157,-0.0026833206007722764,97.97846989631653,0.0607421875,0.2,50.579898834228516,0.0005,0.6929410696029663,-3.703818549215794,1.9732040166854858
610,37.65562301357887,0.0,146,1196032,157.87,0,0.6275937168929812,1958,278.9051035,1450,0.004197982,-0.0010422968291095458,99.97364463806153,0.0454833984375,0.2,50.22374725341797,0.0005,0.6922551393508911,-3.730543877184391,2.029740571975708
610,37.296249465666094,0.0,147,1204224,152.53,0,0.6216041577611016,1971,267.30025474,1460,0.0069437306,-0.0010607797070406378,101.33393964767455,0.04991455078125,0.2,53.77777862548828,0.0005,0.6917411684989929,-3.7450884699821474,2.0275909900665283
610,36.510405185940485,0.0,148,1212416,157.46,0,0.608506753099008,1984,275.3113659,1470,0.0060109505,-0.0015418126229633344,85.59052515029907,0.05313720703125,0.2,40.55845260620117,0.0005,0.7433444261550903,-3.7522634640336037,2.069129228591919
610,36.22001972987145,0.0,149,1220608,171.56,0,0.6036669954978575,1998,293.23222949,1480,0.004086598,0.0029831951833330095,87.99833657741547,0.08834228515625,0.2,34.63277053833008,0.0005,0.7298204898834229,-3.788368485867977,2.1159398555755615
610,34.42508164548279,0.0,150,1228800,177.78,0,0.5737513607580466,2011,298.200082,1490,0.0071154693,-0.0005780924941063859,85.86691753864288,0.048046875,0.2,49.10565948486328,0.0005,0.711034893989563,-3.8240335881710052,2.1642818450927734
610,35.722748394474394,0.0,151,1236992,177.52,0,0.5953791399079066,2024,295.14996663,1500,0.007197123,-0.002217534384544706,79.2216138601303,0.07266845703125,0.2,34.84299850463867,0.0005,0.7025148868560791,-3.853436976671219,2.214319944381714
611,35.04306210740503,0.0,152,1245184,178.33,0,0.5840510351234172,2037,295.44988329,1510,0.007920459,-0.004469962936127558,101.85805087089538,0.0544677734375,0.2,47.66355895996094,0.0005,0.64567631483078,-3.871485637128353,2.2298762798309326
611,36.64870648545679,0.0,153,1253376,173.41,0,0.6108117747576132,2050,294.30971122,1520,0.0051358826,-0.0030558341517462396,82.67121348381042,0.06641845703125,0.2,38.362213134765625,0.0005,0.7157431840896606,-3.8659063771367075,2.231222629547119
611,35.67160386511776,0.0,154,1261568,174.35,0,0.5945267310852961,2064,295.70967806,1530,0.01478874,-0.0006468282546848059,92.78863739967346,0.0516845703125,0.2,49.21040344238281,0.0005,0.6932690143585205,-3.8784057930111886,2.2857322692871094
611,36.04096456557082,0.0,155,1269760,184.55,0,0.6006827427595137,2077,311.16339984999996,1540,0.0072438987,-0.0032475452971993946,77.57001578807831,0.069189453125,0.2,35.230125427246094,0.0005,0.7398840188980103,-3.8847689986228944,2.2738094329833984
611,35.39807719353975,0.0,156,1277952,181.46,0,0.5899679532256624,2090,306.64706648000003,1550,0.006724866,-0.001794142859580461,87.82246193885803,0.069189453125,0.2,36.62997817993164,0.0005,0.702668309211731,-3.8807974427938463,2.2932815551757812
611,36.8994759702784,0.0,157,1286144,176.04,0,0.6149912661713068,2103,299.97069955999996,1560,0.004244591,-0.0027395588491344824,83.17845084667206,0.04296875,0.2,45.058868408203125,0.0005,0.7229533791542053,-3.8886947259306908,2.3126027584075928
611,36.352760851087965,0.0,158,1294336,171.66,0,0.6058793475181328,2117,294.13960721,1570,0.020567533,0.0012300107126065995,86.7413673877716,0.09957275390625,0.2,51.992881774902344,0.0005,0.6865131855010986,-3.9053246334195135,2.3618812561035156
611,37.568239345822896,0.0,159,1302528,160.25,0,0.6261373224303817,2130,278.86466934,1580,0.0049434304,-0.002719917585636722,102.69528651237488,0.04859619140625,0.2,44.447044372558594,0.0005,0.686328649520874,-3.924998040497303,2.3771188259124756
611,36.765677407597295,0.0,160,1310720,157.22,0,0.6127612901266217,2143,275.52140677,1590,0.0071410118,-0.0041958718080422844,106.79254961013794,0.0566650390625,0.2,43.18171691894531,0.0005,0.6700835824012756,-3.9268219247460365,2.3516252040863037
611,36.9903501388086,0.0,161,1318912,157.67,0,0.6165058356468099,2157,274.4771617,1600,0.0038251649,-0.0028815984827815556,97.49716882705688,0.0436767578125,0.2,52.44389343261719,0.0005,0.7103840112686157,-3.923747779428959,2.3596549034118652
611,36.95970372371988,0.0,162,1327104,160.47,0,0.615995062061998,2170,279.84161358,1610,0.004647487,-0.004351965335081332,92.12885928153992,0.0638427734375,0.2,48.25907516479492,0.0005,0.7433153390884399,-3.925631006062031,2.3839943408966064
611,36.735121725759214,0.0,163,1335296,168.41,0,0.6122520287626536,2184,293.50160404999997,1620,0.008900199,-0.0013493812999513465,88.63196783065796,0.05435791015625,0.2,43.563961029052734,0.0005,0.7191348075866699,-3.94395961612463,2.4348888397216797
611,37.20405041854853,0.0,164,1343488,169.2,0,0.6200675069758088,2197,295.04165681,1630,0.0025803954,-0.0021970266447169707,94.59416904449463,0.0283447265625,0.2,51.32613754272461,0.0005,0.6811063885688782,-3.9671884417533874,2.481269598007202
611,35.63237039980203,0.0,165,1351680,172.37,0,0.5938728399967005,2210,297.90961383,1640,0.007977581,-0.0031378161373140758,98.59399180412292,0.064306640625,0.2,44.250732421875,0.0005,0.702940821647644,-3.981759952008724,2.5311331748962402
611,36.54853440582158,0.0,166,1359872,179.63,0,0.6091422400970262,2223,303.35189049999997,1650,0.005356659,-0.0016757129415054806,87.89367842674255,0.0475830078125,0.2,38.55416488647461,0.0005,0.694806694984436,-3.976688656210899,2.501373767852783
611,37.25030268803859,0.0,167,1368064,167.01,0,0.6208383781339764,2236,288.49830129000003,1660,0.0067750877,-0.0006334304322081153,89.99476528167725,0.048828125,0.2,41.40591812133789,0.0005,0.7096673250198364,-3.975512866675854,2.5435080528259277
611,36.76289807193016,0.0,168,1376256,151.54,0,0.6127149678655026,2250,266.44571605999994,1670,0.0039613307,-0.0016083165108284447,101.01099343299866,0.04400634765625,0.2,41.77260971069336,0.0005,0.7101930379867554,-3.9985404312610626,2.6035525798797607
611,36.56470705582472,0.0,169,1384448,156.05,0,0.6094117842637454,2263,270.26710107,1680,0.005362643,-0.0031747856235597284,95.11695113182068,0.05911865234375,0.2,46.92736053466797,0.0005,0.6860979795455933,-4.031116563081741,2.6471240520477295
611,37.188181060528784,0.0,170,1392640,163.13,0,0.6198030176754796,2276,282.22033658,1690,0.005045332,-0.004151794170320499,91.36913256645202,0.052685546875,0.2,42.313697814941406,0.0005,0.7212285995483398,-4.037051969766617,2.6750035285949707
611,37.482963654113775,0.0,171,1400832,151.43,0,0.6247160609018962,2290,267.31870441,1700,0.00534503,-0.0018869756095227785,94.69315195083618,0.0529052734375,0.2,43.871368408203125,0.0005,0.7097118496894836,-4.0448530405759815,2.691716194152832
611,36.72129006912742,0.0,172,1409024,156.51,0,0.6120215011521236,2304,274.40974997999996,1710,0.005821417,-0.0025654362027125897,122.52515873908996,0.0693359375,0.2,60.23933410644531,0.0005,0.6536788940429688,-4.058950051665306,2.7246103286743164
611,36.97854563662978,0.0,173,1417216,161.17,0,0.6163090939438296,2317,281.20611334,1720,0.005271623,-0.0023210151484818198,106.49747114181518,0.07640380859375,0.2,52.232994079589844,0.0005,0.6734141111373901,-4.073490509390831,2.742206573486328
611,37.145779286449724,0.0,174,1425408,165.89,0,0.6190963214408287,2330,288.80444167999997,1730,0.0064846566,-0.0029037769127171487,89.19648060798644,0.0677490234375,0.2,44.40633773803711,0.0005,0.6885809898376465,-4.090643909573555,2.7878921031951904
611,37.884917431887324,0.0,175,1433600,159.01,0,0.6314152905314554,2343,280.35456216,1740,0.008521702,-0.001397741402615793,90.63015336990357,0.0419921875,0.2,51.48415756225586,0.0005,0.7066152095794678,-4.121775764226913,2.849292278289795
611,35.61716945547285,0.0,176,1441792,171.71,0,0.5936194909245476,2356,297.30301490000005,1750,0.0054728677,-0.0017957218900846784,102.84340415000915,0.03662109375,0.2,51.7371826171875,0.0005,0.6877906918525696,-4.152394622564316,2.915243625640869
612,35.8990254242799,0.0,177,1449984,185.94,0,0.5983170904046651,2369,315.15172348000004,1760,0.004576901,-0.0008008197808521799,76.49162337779998,0.0282958984375,0.2,36.80560302734375,0.0005,0.7429088950157166,-4.174737405776978,2.9421660900115967
612,36.71506065640973,0.0,178,1458176,177.34,0,0.6119176776068289,2381,303.06103785,1770,0.0058691856,-0.0021834573199157603,87.32739534378052,0.0605224609375,0.2,40.77095413208008,0.0005,0.7103906273841858,-4.19021093249321,2.9696972370147705
612,35.71340637110525,0.0,179,1466368,169.88,0,0.5952234395184208,2394,291.51083736000004,1780,0.0059912708,-0.0022695588537317234,94.51088695526123,0.0474853515625,0.2,42.195213317871094,0.0005,0.72066330909729,-4.210231018066406,3.0066184997558594
612,34.460815467246306,0.0,180,1474560,170.13,0,0.5743469244541053,2407,286.38030514999997,1790,0.0048350105,0.0004174998714006506,75.7130476474762,0.07532958984375,0.2,34.62474822998047,0.0005,0.7175410389900208,-4.237776154279709,3.060131549835205
612,34.77069214249062,0.0,181,1482752,199.61,0,0.579511535708177,2420,326.68252727,1800,0.0031023994,-0.0013505767552487668,83.26355638504029,0.03101806640625,0.2,34.33916473388672,0.0005,0.7251988053321838,-4.243568530678749,3.0696966648101807
612,35.12630477752391,0.0,182,1490944,213.83,0,0.5854384129587319,2433,350.99174425000007,1810,0.008168029,-0.0037525341278524136,60.242257022857665,0.070703125,0.2,24.20949935913086,0.0005,0.7766525149345398,-4.243384420871735,3.0903244018554688
612,37.038356979306286,0.0,183,1499136,187.0,0,0.6173059496551049,2447,314.92947314,1820,0.004984207,-0.0030099233510554766,75.26354739665985,0.04483642578125,0.2,26.79134178161621,0.0005,0.70976722240448,-4.244619190692902,3.086402654647827
612,35.48709450510209,0.0,184,1507328,189.53,0,0.5914515750850349,2460,321.14791984999994,1830,0.004223341,-0.001129735016002087,108.70173296928405,0.02559814453125,0.2,45.15760040283203,0.0005,0.6743552684783936,-4.257095927000046,3.104250431060791
612,35.66014120427364,0.0,185,1515520,184.3,0,0.594335686737894,2473,312.77356532000005,1840,0.0060789445,-0.0005496975631103851,74.68365840911865,0.0486572265625,0.2,47.81103515625,0.0005,0.7412717342376709,-4.281446802616119,3.166137933731079
612,34.830224645301456,0.0,186,1523712,197.85,0,0.5805037440883576,2486,330.44944878,1850,0.0040675215,-0.0017196764289110432,87.49829580783845,0.0372802734375,0.2,45.36138916015625,0.0005,0.7112747430801392,-4.291701331734657,3.2107856273651123
612,36.765371927744184,0.0,187,1531904,201.94,0,0.6127561987957364,2499,339.86038744999996,1860,0.0052751666,-0.0031873654559603894,71.09024336338044,0.0660400390625,0.2,33.666927337646484,0.0005,0.7406946420669556,-4.296480518579483,3.2289037704467773
612,37.25553742213877,0.0,188,1540096,182.51,0,0.6209256237023129,2513,315.78006142000004,1870,0.0035356986,-0.0012296770728426054,94.6198546409607,0.0453369140625,0.2,34.08219909667969,0.0005,0.6826223134994507,-4.296318274736405,3.262054920196533
612,35.78474131038139,0.0,189,1548288,169.28,0,0.5964123551730232,2526,293.0383135,1880,0.011425907,0.00031896124419290573,90.2323537826538,0.05850830078125,0.2,40.76081848144531,0.0005,0.7228062152862549,-4.313155487179756,3.2767105102539062
612,35.64176898735276,0.0,190,1556480,175.01,0,0.5940294831225461,2539,297.00292669000004,1890,0.00268585,-0.0003281502387835644,84.33491320610047,0.04288330078125,0.2,33.145042419433594,0.0005,0.7312995195388794,-4.334236183762551,3.3526222705841064
612,35.767227274155665,0.0,191,1564672,178.98,0,0.5961204545692611,2552,301.73452523,1900,0.003817279,-0.003369591141381534,79.4589229106903,0.043212890625,0.2,31.399944305419922,0.0005,0.7493213415145874,-4.325064191222191,3.3073079586029053
612,37.68639080450267,0.0,192,1572864,172.65,0,0.6281065134083779,2566,298.74125095999995,1910,0.007732433,-0.0011885080311913043,89.72696042060852,0.06097412109375,0.2,45.84744644165039,0.0005,0.7207469940185547,-4.319724524021149,3.3267335891723633
613,35.87884869931975,0.0,193,1581056,172.51,0,0.5979808116553291,2579,299.01680601,1920,0.0036586658,-0.0006322022389213088,98.03395795822144,0.03607177734375,0.2,48.788002014160156,0.0005,0.7029284238815308,-4.34911077618599,3.439120292663574
613,35.77644569576698,0.0,194,1589248,176.97,0,0.5962740949294497,2592,300.38056751,1930,0.0038074432,-0.00031413304604939186,89.46770992279053,0.05465087890625,0.2,38.23442077636719,0.0005,0.7295609712600708,-4.379761528968811,3.4780361652374268
613,36.47780261348297,0.0,195,1597440,180.62,0,0.6079633768913829,2605,308.27514894000007,1940,0.0024359238,-0.0015402777709823568,91.7840873003006,0.023681640625,0.2,43.876014709472656,0.0005,0.7087963819503784,-4.38103207051754,3.469827890396118
613,34.39345943260176,0.0,196,1605632,187.07,0,0.5732243238766961,2618,313.46710784,1950,0.0062011993,-0.0007099798458511941,95.4853884935379,0.05443115234375,0.2,49.57884216308594,0.0005,0.6967321634292603,-4.403859609365464,3.5780670642852783
613,34.81359223868465,0.0,197,1613824,206.36,0,0.5802265373114108,2632,339.06952471999995,1960,0.010198775,-0.002030166169424774,69.81226263046264,0.05235595703125,0.2,32.11470413208008,0.0005,0.7648698091506958,-4.409260314702988,3.5430493354797363
613,36.99561101641675,0.0,198,1622016,198.83,0,0.6165935169402792,2644,333.45912437,1970,0.0030473548,9.096096619032324e-07,86.8655915260315,0.06492919921875,0.2,43.00080490112305,0.0005,0.7156487703323364,-4.400102895498276,3.5432310104370117
613,35.85407450979793,0.0,199,1630208,182.25,0,0.5975679084966323,2657,311.17855015,1980,0.0047495654,-0.0010455186216859146,87.01408870220185,0.06153564453125,0.2,37.66148376464844,0.0005,0.7182011604309082,-4.410645967721939,3.5997838973999023
613,35.78869393102857,0.0,200,1638400,185.92,0,0.5964782321838096,2670,316.86434937999996,1990,0.006424927,-0.002034371346962871,76.23688530921936,0.04254150390625,0.2,40.66987228393555,0.0005,0.7471964359283447,-4.418117281794548,3.6059296131134033
613,35.96377580452238,0.0,201,1646592,187.35,0,0.5993962634087062,2684,316.72221933,2000,0.006448102,-0.0006409871035430115,73.97188777923584,0.036962890625,0.2,35.353424072265625,0.0005,0.7454246282577515,-4.422257941961289,3.65226411819458
613,35.94644287371743,0.0,202,1654784,184.3,0,0.5991073812286238,2697,312.34554077999996,2010,0.0058953175,-0.0013694325622054747,89.08409759998321,0.04083251953125,0.2,45.262428283691406,0.0005,0.7284871935844421,-4.442128974199295,3.725649833679199
613,36.26153277274049,0.0,203,1662976,181.3,0,0.6043588795456749,2710,310.12893550999996,2020,0.002792356,-0.0012388788389216642,89.70947732925416,0.0556884765625,0.2,44.71567916870117,0.0005,0.696866512298584,-4.456900241971016,3.7627670764923096
613,37.32583448506465,0.0,204,1671168,177.55,0,0.6220972414177441,2724,306.94369514000005,2030,0.005282139,-0.004093959284364246,103.96040067672729,0.04779052734375,0.2,50.87921142578125,0.0005,0.6659656763076782,-4.460095989704132,3.806452751159668
613,36.54688792831378,0.0,205,1679360,180.14,0,0.6091147988052297,2736,312.84666135,2040,0.0057943836,-0.0020047007375978863,94.85097653865814,0.04835205078125,0.2,36.28451919555664,0.0005,0.6959717273712158,-4.482076418399811,3.896303653717041
613,36.011547631935784,0.0,206,1687552,179.71,0,0.600192460532263,2750,306.93490557999996,2050,0.0033116045,-0.001107406648225151,87.23991997241974,0.04788818359375,0.2,34.37716293334961,0.0005,0.7297754883766174,-4.506547662615776,3.9280755519866943
613,36.15068849437181,0.0,207,1695744,173.97,0,0.6025114749061969,2763,296.72240058,2060,0.004524777,6.587559328181669e-05,85.22748188972473,0.0445556640625,0.2,42.064754486083984,0.0005,0.760566234588623,-4.52260302901268,4.002696514129639
613,34.79480864085288,0.0,208,1703936,183.35,0,0.5799134773475481,2776,309.4836201,2070,0.007022669,-0.0020709699572762476,101.35724611282349,0.03406982421875,0.2,35.07030487060547,0.0005,0.6808987855911255,-4.537281894683838,3.993056535720825
613,36.820056494776914,0.0,209,1712128,194.37,0,0.613667608246282,2789,327.55486346000004,2080,0.0053195823,-0.0028471627963881476,83.38803365230561,0.0572265625,0.2,38.13264846801758,0.0005,0.7297455072402954,-4.535951054096222,3.9807164669036865
613,37.18882214107806,0.0,210,1720320,180.82,0,0.6198137023513012,2802,313.75207323999996,2090,0.0031295135,-0.0005747722228989005,80.49827737808228,0.04661865234375,0.2,35.025360107421875,0.0005,0.7296270132064819,-4.527704069018364,4.0143890380859375
613,36.235399035004,0.0,211,1728512,178.85,0,0.6039233172500666,2815,309.81522664,2100,0.009749915,-0.00035913727479055526,85.16627149581909,0.0444091796875,0.2,44.929832458496094,0.0005,0.7267721891403198,-4.538552701473236,4.028200626373291
614,36.9909347741595,0.0,212,1736704,177.93,0,0.6165155795693249,2828,309.17715397,2110,0.005882958,-0.0005443964240839705,85.96711754798889,0.0665283203125,0.2,39.65837097167969,0.0005,0.7110469341278076,-4.556896442174912,4.139198303222656
614,36.387931183673636,0.0,213,1744896,177.41,0,0.6064655197278939,2841,305.17824326,2120,0.006330766,-0.00044561667964444497,104.24171557426453,0.037548828125,0.2,59.56028747558594,0.0005,0.6661957502365112,-4.5906839072704315,4.229790687561035
614,35.13842640117012,0.0,214,1753088,184.51,0,0.5856404400195021,2854,312.90831518000005,2130,0.0041846563,-0.0015606302960804897,103.87082996368409,0.0522216796875,0.2,49.911102294921875,0.0005,0.6743320226669312,-4.619030746817589,4.286549091339111
614,35.072177534085895,0.0,215,1761280,195.05,0,0.5845362922347649,2867,326.60959357,2140,0.0042127906,-0.002953581714973552,80.10349516868591,0.02999267578125,0.2,29.71687889099121,0.0005,0.7180787324905396,-4.6424696236848835,4.383624076843262
614,35.0946290551483,0.0,216,1769472,203.41,0,0.5849104842524717,2880,335.64112200999995,2150,0.011055566,0.000809885814669542,72.69863770008087,0.07972412109375,0.2,31.71811866760254,0.0005,0.7290648221969604,-4.671080678701401,4.478318214416504
614,35.10718058248142,0.0,217,1777664,197.1,0,0.5851196763746903,2893,326.45932653,2160,0.0046357764,-0.0010573935804131906,64.48405697345734,0.05206298828125,0.2,32.98050308227539,0.0005,0.7724664807319641,-4.686585885286331,4.531679630279541
614,34.61258528543274,0.0,218,1785856,189.53,0,0.5768764214238791,2906,314.19192531,2170,0.0036481125,-0.004190091884083813,83.91612389087678,0.05379638671875,0.2,39.346839904785156,0.0005,0.7031450271606445,-4.696356704831123,4.533634662628174
614,34.38133199850911,0.0,219,1794048,188.97,0,0.5730221999751519,2919,310.47650965,2180,0.0039435625,-0.0014416526930290275,77.06389989852906,0.05059814453125,0.2,36.036590576171875,0.0005,0.7157027721405029,-4.7099152386188505,4.610617637634277
614,35.39297664623376,0.0,220,1802240,188.92,0,0.589882944103896,2932,310.15145024000003,2190,0.003679442,-0.004151813195494469,72.59534690380096,0.047216796875,0.2,30.43055534362793,0.0005,0.7279083728790283,-4.704164615273475,4.637632846832275
614,36.53451179537447,0.0,221,1810432,181.08,0,0.6089085299229078,2945,303.16986760000003,2200,0.007945843,-0.001070178182271775,87.34977929592132,0.0637451171875,0.2,32.2599983215332,0.0005,0.7325308918952942,-4.696567133069038,4.635582447052002
614,36.117745111057985,0.0,222,1818624,184.42,0,0.601962418517633,2958,313.98568996,2210,0.0039681336,-0.0022918175454833545,87.66452312469482,0.04395751953125,0.2,30.882108688354492,0.0005,0.7252659797668457,-4.689960613846779,4.611507892608643
614,35.808000509939035,0.0,223,1826816,188.73,0,0.596800008498984,2972,322.75552441,2220,0.00555507,-0.0012167933244199957,87.46095926761627,0.07913818359375,0.2,37.328548431396484,0.0005,0.6983562707901001,-4.704760053753853,4.723182678222656
614,36.962221387091645,0.0,224,1835008,187.43,0,0.6160370231181942,2985,321.81998046000007,2230,0.008639304,-0.0023955889548233243,89.65198945999146,0.03885498046875,0.2,43.08086013793945,0.0005,0.6966528296470642,-4.714080879092217,4.708879470825195
614,36.799432179550934,0.0,225,1843200,183.16,0,0.6133238696591821,2998,313.97220255,2240,0.0037989581,-0.0014381268883880693,106.6622200012207,0.05223388671875,0.2,46.81368637084961,0.0005,0.6619323492050171,-4.7285780102014545,4.822155952453613
614,35.56359210558287,0.0,226,1851392,184.53,0,0.5927265350930477,3011,315.77789828,2250,0.009764839,-0.0014509305030514952,89.62681438922883,0.0399169921875,0.2,50.14458465576172,0.0005,0.7326715588569641,-4.742951127886772,4.883270263671875
614,35.47548033913769,0.0,227,1859584,174.77,0,0.5912580056522949,3024,298.99676545,2260,0.0059337737,-0.0016351570506230929,88.26011600494385,0.04681396484375,0.2,47.20035171508789,0.0005,0.7156152725219727,-4.763988876342774,5.001899242401123
614,36.40016137381314,0.0,228,1867776,177.14,0,0.606669356230219,3038,299.57126920999997,2270,0.0051038666,0.0013153260151739232,83.4595761537552,0.0760498046875,0.2,46.32709503173828,0.0005,0.7242147922515869,-4.774433693289756,5.014979839324951
614,36.549861672365736,0.0,229,1875968,179.11,0,0.6091643612060955,3051,305.2010514699999,2280,0.0124314185,-0.0022507830944960006,91.75903081893921,0.04212646484375,0.2,52.63239669799805,0.0005,0.7076308727264404,-4.773105579614639,5.0533647537231445
614,38.06334734194013,0.0,230,1884160,148.54,0,0.6343891223656688,3065,262.10235331000007,2290,0.007002645,-0.002842301964119542,98.74376215934754,0.07213134765625,0.2,49.427703857421875,0.0005,0.7140614986419678,-4.787486711144448,5.162424087524414
614,36.08214233265299,0.0,231,1892352,156.18,0,0.6013690388775499,3078,275.61273092999994,2300,0.009541048,-0.0011136569388327188,83.28093693256378,0.07083740234375,0.2,45.56846618652344,0.0005,0.7572222948074341,-4.820016217231751,5.272082328796387
614,36.323328537024835,0.0,232,1900544,183.51,0,0.605388808950414,3091,316.06397728,2310,0.003173907,-0.0018217670152807842,76.03371303081512,0.04144287109375,0.2,32.62649917602539,0.0005,0.7618114352226257,-4.836235684156418,5.279337406158447
614,36.931723648278776,0.0,233,1908736,177.51,0,0.6155287274713128,3104,306.26339691,2320,0.0050924583,-0.0008107126908726059,79.33316767215729,0.0543701171875,0.2,33.78640365600586,0.0005,0.7597209215164185,-4.829523649811745,5.314906120300293
614,36.127683941828394,0.0,234,1916928,180.06,0,0.6021280656971398,3117,308.13078852,2330,0.0038090902,-0.0008908773059374652,94.73437833786011,0.04241943359375,0.2,54.89879608154297,0.0005,0.6949597001075745,-4.849577698111534,5.450399398803711
614,37.40238604446516,0.0,235,1925120,168.66,0,0.623373100741086,3131,290.43754041,2340,0.0036807717,-0.0031365570255729837,77.0111712217331,0.04931640625,0.2,38.60224533081055,0.0005,0.7571992874145508,-4.869555476307869,5.501413822174072
614,37.80333189323974,0.0,236,1933312,157.6,0,0.6300555315539957,3144,278.18724997000004,2350,0.0039365883,-0.002613314498739783,92.0307403564453,0.0483154296875,0.2,38.470951080322266,0.0005,0.7243874073028564,-4.880928784608841,5.577027320861816
614,35.19006439411045,0.0,237,1941504,171.91,0,0.5865010732351741,3157,298.47646525,2360,0.007326912,-0.0016834769830893492,94.37829608917237,0.06959228515625,0.2,33.628963470458984,0.0005,0.6800762414932251,-4.906430014967919,5.7044267654418945
614,34.74986613783824,0.0,238,1949696,190.65,0,0.5791644356306374,3170,320.72375715,2370,0.004904696,-0.0013631686641019769,81.02469801902771,0.042529296875,0.2,38.165061950683594,0.0005,0.7204813957214355,-4.92549669444561,5.735367774963379
614,35.89810466888139,0.0,239,1957888,204.53,0,0.5983017444813564,3183,337.04118385000004,2380,0.006210129,0.00018420082560623995,79.20359935760499,0.05487060546875,0.2,29.31089210510254,0.0005,0.7078946828842163,-4.933961054682731,5.771933555603027
614,36.30513204424882,0.0,240,1966080,203.95,0,0.6050855340708137,3197,342.70317214000005,2390,0.0049689645,-0.0027830226128571665,75.21439430713653,0.041845703125,0.2,36.85667037963867,0.0005,0.7476970553398132,-4.9519356191158295,5.843257904052734
614,35.54662268413659,0.0,241,1974272,199.94,0,0.5924437114022765,3210,340.63640153,2400,0.0048229787,-0.0035546529332350476,78.46011219024658,0.05408935546875,0.2,36.412322998046875,0.0005,0.7162116765975952,-4.9609230130910875,5.847792148590088
615,36.15755052526981,0.0,242,1982464,188.94,0,0.6026258420878303,3222,323.34809165999997,2410,0.006627648,-0.0022310998418106466,78.62507848739624,0.06300048828125,0.2,38.161529541015625,0.0005,0.7497326135635376,-4.968011945486069,5.9601149559021
615,36.7237299355175,0.0,243,1990656,192.1,0,0.6120621655919583,3236,328.20000411,2420,0.00613489,-0.0011018917051842437,85.16766381263733,0.05037841796875,0.2,39.587162017822266,0.0005,0.70208340883255,-4.985112941265106,6.0580244064331055
615,35.34680190149733,0.0,244,1998848,191.4,0,0.5891133650249555,3249,324.45794655000003,2430,0.0036397697,-0.0015814083599252626,95.44646644592285,0.0351318359375,0.2,40.238521575927734,0.0005,0.6730005741119385,-5.01169536113739,6.258447647094727
615,36.33930955392216,0.0,245,2007040,180.15,0,0.6056551592320361,3262,305.90367965,2440,0.0034130602,-0.002321422276145313,84.99009156227112,0.047607421875,0.2,30.331586837768555,0.0005,0.7213267087936401,-5.029318886995315,6.315995216369629
615,37.0201135033321,0.0,246,2015232,182.2,0,0.6170018917222015,3276,311.97427185,2450,0.0070844744,-0.002174618648859905,97.26335263252258,0.0483642578125,0.2,53.8930549621582,0.0005,0.7057777643203735,-5.018657279014588,6.301139831542969
615,36.245075847555,0.0,247,2023424,180.01,0,0.6040845974592501,3289,311.78414038000005,2460,0.0018069162,-0.0003259111159422901,99.83757462501526,0.02330322265625,0.2,37.93065643310547,0.0005,0.7053486704826355,-5.021424639225006,6.399326801300049
615,37.142182716369064,0.0,248,2031616,176.78,0,0.6190363786061511,3302,304.08596215,2470,0.0035015591,-0.0015631401351129171,85.73341553211212,0.02833251953125,0.2,45.359310150146484,0.0005,0.7051371335983276,-5.05135145187378,6.474039554595947
615,35.33630891308875,0.0,249,2039808,188.83,0,0.5889384818848126,3314,321.93918615,2480,0.005339288,-0.0025607307834434323,97.51929783821106,0.07021484375,0.2,46.450706481933594,0.0005,0.6729000806808472,-5.08306288421154,6.607312202453613
615,35.60749118573337,0.0,250,2048000,179.34,0,0.5934581864288897,3327,303.12759134000004,2490,0.0063725887,-0.001695135074260179,91.90755100250244,0.04744873046875,0.2,35.88859176635742,0.0005,0.691419780254364,-5.088764035701752,6.66627836227417
615,35.84003215177598,0.0,251,2056192,170.94,0,0.5973338691962664,3340,287.71225985,2500,0.0037439377,-0.0009937634909874759,90.18676416873932,0.044970703125,0.2,46.78601837158203,0.0005,0.7108191251754761,-5.0939390569925305,6.744238376617432
615,36.08507715472531,0.0,252,2064384,182.91,0,0.6014179525787553,3353,309.52168143,2510,0.0049230494,-0.0032747533892688806,92.92290542125701,0.0513427734375,0.2,32.18507766723633,0.0005,0.7329622507095337,-5.106020033359528,6.771981716156006
615,35.05699992951006,0.0,253,2072576,194.15,0,0.584283332158501,3366,327.99579349,2520,0.004478152,-0.0020064193129655907,80.62499046325684,0.0437744140625,0.2,35.18724060058594,0.0005,0.736727237701416,-5.122228661179543,6.922689914703369
615,35.97459096655143,0.0,254,2080768,191.37,0,0.5995765161091906,3379,320.78528975000006,2530,0.0033407446,-0.002799631663947366,74.43420622348785,0.039013671875,0.2,30.07990074157715,0.0005,0.7432447671890259,-5.121008798480034,6.923874855041504
615,35.735044083814735,0.0,255,2088960,187.91,0,0.5955840680635789,3392,315.64613697000004,2540,0.0041494323,-0.0028144241827249062,82.4900883436203,0.02979736328125,0.2,46.74683380126953,0.0005,0.7656075954437256,-5.123393687605858,7.008270263671875
615,35.78950348686473,0.0,256,2097152,176.07,0,0.5964917247810788,3406,301.58598149,2550,0.0042037647,-0.002413701060140738,78.34334719181061,0.0501953125,0.2,34.18236541748047,0.0005,0.7541709542274475,-5.143321749567986,7.09419059753418
615,35.900128917324025,0.0,257,2105344,181.4,0,0.5983354819554004,3419,306.21232456999996,2560,0.0041957097,-0.0033160700782900675,69.76026072502137,0.0595947265625,0.2,31.031164169311523,0.0005,0.7774326801300049,-5.153546759486199,7.137877941131592
615,35.19376188256474,0.0,258,2113536,182.48,0,0.5865626980427457,3432,308.45387176,2570,0.0049979924,-0.0012435088719939813,90.66860463619233,0.0489990234375,0.2,57.9820671081543,0.0005,0.718275785446167,-5.162672805786133,7.275410175323486
615,36.06896387178156,0.0,259,2121728,184.81,0,0.601149397863026,3446,312.77648244,2580,0.0040153074,-0.00202142291382188,79.70222079753876,0.046142578125,0.2,30.441404342651367,0.0005,0.7329131960868835,-5.155285868048668,7.238534450531006
615,36.63250297490593,0.0,260,2129920,174.69,0,0.6105417162484323,3460,296.96698448,2590,0.0039356155,-0.0020436739265278447,103.51745557785034,0.05738525390625,0.2,53.685752868652344,0.0005,0.6548107266426086,-5.156301593780517,7.29710578918457
615,35.240344980494555,0.0,261,2138112,180.81,0,0.5873390830082426,3473,306.21240496,2600,0.0036051068,-0.00014806249455432408,100.32338180541993,0.04970703125,0.2,45.48543930053711,0.0005,0.6906383037567139,-5.181628581881523,7.447043418884277
615,35.04775203594522,0.0,262,2146304,184.91,0,0.5841292005990871,3485,309.95417140999996,2610,0.0034914524,-6.825606687925756e-05,73.17111113071442,0.049462890625,0.2,30.79677963256836,0.0005,0.7583621740341187,-5.209404674172402,7.55048942565918
615,35.32034643748955,0.0,263,2154496,202.52,0,0.5886724406248258,3498,335.28301490000007,2620,0.0040366515,-0.0018353322222537827,87.99985082149506,0.0348388671875,0.2,34.66791534423828,0.0005,0.7106671333312988,-5.232233873009681,7.576124668121338
615,34.366717364053855,0.0,264,2162688,205.01,0,0.5727786227342309,3511,338.82730675,2630,0.006547895,-0.0018546293438703287,78.56156344413758,0.04373779296875,0.2,36.54072570800781,0.0005,0.7390515208244324,-5.235119187831879,7.5734100341796875
615,36.22999026110742,0.0,265,2170880,195.26,0,0.6038331710184568,3524,326.42826429,2640,0.005680389,-0.0026280064979800955,79.9965120792389,0.04708251953125,0.2,41.14006423950195,0.0005,0.7072900533676147,-5.232858800888062,7.589166641235352
615,35.39780687206232,0.0,266,2179072,185.21,0,0.5899634478677052,3537,313.33448622,2650,0.0049369116,-0.0014101191420195392,85.39516117572785,0.0640380859375,0.2,41.926734924316406,0.0005,0.7008817195892334,-5.244327664375305,7.6729960441589355
615,36.88409446285331,0.0,267,2187264,175.79,0,0.614734907714222,3550,298.53647982999996,2660,0.009723753,-0.0034079600343829954,85.11652233600617,0.06468505859375,0.2,36.27195739746094,0.0005,0.7315483093261719,-5.253986594080925,7.7291669845581055
615,36.29523738264795,0.0,268,2195456,172.46,0,0.6049206230441324,3564,296.06463478,2670,0.0050315326,-0.00239376427634852,96.63379340171814,0.04593505859375,0.2,42.256134033203125,0.0005,0.691813588142395,-5.264315250515938,7.813163757324219
616,35.216722103287836,0.0,269,2203648,174.29,0,0.5869453683881306,3577,296.01096881,2680,0.006618296,-0.0033276766509516163,81.7963203907013,0.0658447265625,0.2,33.86765670776367,0.0005,0.768923282623291,-5.2868911027908325,7.886115550994873
616,33.66788939362611,0.0,270,2211840,186.3,0,0.5611314898937686,3590,306.08610772,2690,0.009314912,-0.0029041613976005464,80.8706146478653,0.05081787109375,0.2,39.2490234375,0.0005,0.7334767580032349,-5.313346067070961,8.140356063842773
616,36.85049188976458,0.0,271,2220032,180.31,0,0.6141748648294096,3603,298.86505939,2700,0.0063689826,-0.0012928254145663232,62.1929573059082,0.066064453125,0.2,30.35587501525879,0.0005,0.7798417210578918,-5.318535381555558,8.22333812713623
616,35.89099719446814,0.0,272,2228224,171.14,0,0.598183286574469,3616,290.57175084999994,2710,0.00416663,-0.004231219232315198,90.7268503665924,0.0418212890625,0.2,47.92194366455078,0.0005,0.7447327971458435,-5.319896024465561,8.353534698486328
616,36.05262123955058,0.0,273,2236416,184.48,0,0.6008770206591763,3630,312.57213146,2720,0.003724704,6.480113079305738e-05,72.75432009696961,0.0642333984375,0.2,33.42250061035156,0.0005,0.762310266494751,-5.331598874926567,8.510408401489258
616,36.041793487800334,0.0,274,2244608,179.82,0,0.6006965581300057,3643,307.52443141,2730,0.004550975,-0.0005232199317106278,83.47480473518371,0.0460693359375,0.2,28.650583267211914,0.0005,0.7502213716506958,-5.346035745739937,8.638493537902832
616,36.29867838212419,0.0,275,2252800,170.01,0,0.6049779730354031,3656,291.87483536,2740,0.004510792,-0.002273377639357932,90.80517568588257,0.0456787109375,0.2,40.6269416809082,0.0005,0.7237065434455872,-5.3571732372045515,8.770261764526367
616,36.63548658611414,0.0,276,2260992,178.37,0,0.6105914431019024,3669,306.22456986000003,2750,0.0048796544,-0.0018623026357090567,78.43418543338775,0.0471923828125,0.2,35.21971130371094,0.0005,0.7581508159637451,-5.363780358433724,8.88123607635498
616,36.81617559697368,0.0,277,2269184,185.83,0,0.6136029266162281,3682,320.60934976,2760,0.0052397046,-0.00309108196379384,87.58964304924011,0.04168701171875,0.2,46.73043441772461,0.0005,0.7199238538742065,-5.376595118641854,8.9975004196167
616,37.35581199169194,0.0,278,2277376,178.55,0,0.6225968665281988,3695,312.37679314,2770,0.0063735615,-0.0026772847137181087,74.61316916942596,0.040283203125,0.2,31.58755874633789,0.0005,0.7613157033920288,-5.378093436360359,9.014427185058594
616,37.52618744652125,0.0,279,2285568,163.23,0,0.6254364574420206,3708,289.30683776,2780,0.006389634,-0.0014994594792369753,94.52394366264343,0.03681640625,0.2,47.2078971862793,0.0005,0.74326491355896,-5.374116319417953,9.100748062133789
616,36.32144517313283,0.0,280,2293760,174.88,0,0.6053574195522138,3722,304.4683388,2790,0.002742771,-0.0011979245813563467,96.22867484092713,0.05802001953125,0.2,42.140621185302734,0.0005,0.6885539293289185,-5.394740077853203,9.256192207336426
616,36.63109022498261,0.0,281,2301952,184.82,0,0.6105181704163768,3735,317.84172261000003,2800,0.007276622,-0.002054229255008977,89.75076594352723,0.0503662109375,0.2,36.41614532470703,0.0005,0.714880108833313,-5.418321120738983,9.504302024841309
616,36.933189363431865,0.0,282,2310144,175.03,0,0.6155531560571977,3748,306.43845195,2810,0.0045496826,-0.003908907101867953,77.85239074230194,0.04144287109375,0.2,34.134315490722656,0.0005,0.7507632970809937,-5.425902342796325,9.63234806060791
616,35.928568517338064,0.0,283,2318336,177.45,0,0.5988094752889679,3760,307.07604006,2820,0.0044790227,-0.001844227467518067,102.7979498386383,0.036962890625,0.2,39.683990478515625,0.0005,0.6719577312469482,-5.444719970226288,9.909218788146973
616,36.47766509202924,0.0,284,2326528,179.74,0,0.607961084867154,3774,307.29690059,2830,0.011731394,-0.0017982917881454342,79.29901945590973,0.06126708984375,0.2,32.39946365356445,0.0005,0.7193484306335449,-5.479522469639778,10.221426963806152
616,34.89922344412768,0.0,285,2334720,180.32,0,0.5816537240687947,3786,303.83954413,2840,0.004617138,-0.0020279198499338234,98.63176684379577,0.04178466796875,0.2,38.27201843261719,0.0005,0.701073169708252,-5.507583945989609,10.434107780456543
616,35.39462004654115,0.0,286,2342912,177.72,0,0.589910334109019,3799,297.01162399000003,2850,0.0039616716,-0.0023706548206973823,76.31599280834197,0.0367431640625,0.2,33.44393539428711,0.0005,0.7513746023178101,-5.515508097410202,10.520383834838867
616,36.02174394063559,0.0,287,2351104,179.66,0,0.6003623990105933,3813,298.92425310000004,2860,0.009406193,-0.00179010727442801,78.51866946220397,0.0656982421875,0.2,30.483356475830078,0.0005,0.7364751100540161,-5.527338427305222,10.668188095092773
616,36.21628254674645,0.0,288,2359296,170.64,0,0.6036047091124409,3826,288.58394976,2870,0.00451747,-0.0015271546923031564,92.19658622741699,0.04046630859375,0.2,49.779571533203125,0.0005,0.7173624634742737,-5.537957939505577,10.761756896972656
616,35.97842801194316,0.0,289,2367488,170.98,0,0.5996404668657194,3839,292.43673183000004,2880,0.004493997,-0.0017047628389263991,87.56103692054748,0.06334228515625,0.2,40.5944709777832,0.0005,0.7313201427459717,-5.539274442195892,10.976996421813965
616,37.18415109961662,0.0,290,2375680,175.28,0,0.619735851660277,3852,302.00287676999994,2890,0.0057005575,-0.000623663782607764,87.92084140777588,0.05430908203125,0.2,30.9460506439209,0.0005,0.7216712236404419,-5.5519805490970615,11.166122436523438
616,36.25825625252667,0.0,291,2383872,181.23,0,0.6043042708754446,3865,313.95107683,2900,0.008245971,-0.0020035434703459033,97.56978316307068,0.05662841796875,0.2,45.66765594482422,0.0005,0.700851321220398,-5.560100227594376,11.135581970214844
616,37.95518470395566,0.0,292,2392064,175.27,0,0.6325864117325943,3878,304.5827444400001,2910,0.006733795,-0.002631585227936739,77.95702557563781,0.03414306640625,0.2,36.24956512451172,0.0005,0.752262532711029,-5.556381902098655,11.079270362854004
616,37.83468882146786,0.0,293,2400256,167.63,0,0.6305781470244642,3892,293.50911389,2920,0.003147987,-0.0015842735199839808,94.89933536052703,0.02723388671875,0.2,49.43532943725586,0.0005,0.6819356679916382,-5.56807020008564,11.16927433013916
616,38.57079109714107,0.0,294,2408448,142.84,0,0.6428465182856845,3906,256.10257034,2930,0.006663211,-0.002189083699340699,95.5853226184845,0.04979248046875,0.2,40.41720199584961,0.0005,0.727228581905365,-5.5933112561702725,11.431770324707031
616,37.44064371278943,0.0,295,2416640,147.25,0,0.6240107285464905,3919,262.86071725,2940,0.006744705,-0.0036670904752099886,118.01327595710754,0.05926513671875,0.2,53.954811096191406,0.0005,0.6695165634155273,-5.622461938858033,11.737198829650879
616,36.30752171796712,0.0,296,2424832,159.47,0,0.6051253619661187,3932,278.47346766,2950,0.007956665,-0.005434205215715337,112.97626161575317,0.0801025390625,0.2,40.237327575683594,0.0005,0.6285911798477173,-5.640381714701652,11.840167045593262
616,35.84132730597296,0.0,297,2433024,162.98,0,0.5973554550995495,3946,277.41963725000005,2960,0.0035007654,-0.0038027943926863374,93.66424119472504,0.06922607421875,0.2,48.79030227661133,0.0005,0.6727842092514038,-5.650411155819893,11.9635591506958
616,35.98146900888291,0.0,298,2441216,167.95,0,0.5996911501480485,3959,284.2892317,2970,0.0042967787,-0.003978058020584286,94.1809844493866,0.051171875,0.2,37.34804916381836,0.0005,0.7024071216583252,-5.664071878790855,12.254101753234863
616,37.91595953608331,0.0,299,2449408,166.32,0,0.6319326589347218,3973,287.73542275,2980,0.0101997685,-0.003674428880913183,81.55480563640594,0.0712890625,0.2,36.297386169433594,0.0005,0.6888171434402466,-5.668500924110413,12.25185775756836
616,35.90964075808063,0.0,300,2457600,170.0,0,0.5984940126346772,3986,296.41845349000005,2990,0.005008995,-0.0013336657280888175,90.71139650344848,0.06112060546875,0.2,41.53675842285156,0.0005,0.6968527436256409,-5.684395998716354,12.758678436279297
616,37.324197852385396,0.0,301,2465792,175.44,0,0.6220699642064234,4000,304.33326565,3000,0.0041593825,-0.0005489278701134026,86.03330717086791,0.03707275390625,0.2,50.17856216430664,0.0005,0.6773531436920166,-5.706240862607956,12.950276374816895
616,35.241219428778074,0.0,302,2473984,187.31,0,0.5873536571463012,4013,317.61681062,3010,0.004587991,-0.0023063101107254624,96.32423167228698,0.02994384765625,0.2,52.23772430419922,0.0005,0.7156196236610413,-5.717827329039574,13.015058517456055
616,38.12029173447539,0.0,303,2482176,180.13,0,0.6353381955745897,4026,311.19947495,3020,0.009174103,-0.003881089221249567,82.99765796661377,0.08363037109375,0.2,46.71210479736328,0.0005,0.7089788317680359,-5.69970936179161,12.868244171142578
616,37.54781543307644,0.0,304,2490368,171.58,0,0.6257969238846074,4040,305.82338189,3030,0.0048537604,-0.002565537890041014,107.20952081680298,0.02972412109375,0.2,50.054107666015625,0.0005,0.6200959086418152,-5.7055718213319775,13.159936904907227
616,37.69605089998686,0.0,305,2498560,171.86,0,0.628267514999781,4053,305.23639885000006,3040,0.0051371264,-0.002257503907458158,102.86180720329284,0.049267578125,0.2,54.67784118652344,0.0005,0.6929960250854492,-5.7398672044277195,13.469339370727539
616,35.39451873669693,0.0,306,2506752,185.63,0,0.5899086456116155,4066,321.41135255,3050,0.0032710955,0.0003169021612848155,94.44573683738709,0.06861572265625,0.2,43.687225341796875,0.0005,0.6528105735778809,-5.765132811665535,13.684860229492188
616,35.501884296064134,0.0,307,2514944,190.22,0,0.5916980716010689,4079,323.92146214,3060,0.0041077132,-0.001552867388818413,84.70483396053314,0.04254150390625,0.2,39.157283782958984,0.0005,0.7095732688903809,-5.789441314339638,13.77550220489502
616,36.81645528918905,0.0,308,2523136,189.72,0,0.6136075881531509,4093,320.1694218,3070,0.008992543,-0.0023840811394620688,69.86777973175049,0.03770751953125,0.2,35.141258239746094,0.0005,0.7503969669342041,-5.787828835844993,13.74193000793457
616,37.08826153063836,0.0,309,2531328,191.61,0,0.6181376921773061,4106,330.82451889000004,3080,0.002669334,-0.0016953118683886714,94.17865405082702,0.03846435546875,0.2,40.29228210449219,0.0005,0.6972153186798096,-5.788654580712318,13.762837409973145
616,36.3345844063478,0.0,310,2539520,192.61,0,0.6055764067724634,4120,334.24287426,3090,0.0032884232,-0.001128344270546222,90.35018274784088,0.0255859375,0.2,35.68858337402344,0.0005,0.7025328874588013,-5.801568013429642,13.970370292663574
616,36.65553667826567,0.0,311,2547712,183.05,0,0.6109256113044277,4132,314.68531622,3100,0.003998295,-0.001623100230062846,91.17832870483399,0.038525390625,0.2,43.504478454589844,0.0005,0.7241780757904053,-5.8226109683513645,14.216805458068848
616,35.94231176728977,0.0,312,2555904,181.26,0,0.5990385294548295,4146,310.13477331999997,3110,0.004597347,-0.001773182534816442,86.0038682460785,0.03568115234375,0.2,34.89448547363281,0.0005,0.7250624895095825,-5.82631002664566,14.359307289123535
616,37.26800477239145,0.0,313,2564096,175.36,0,0.6211334128731909,4159,298.77262895,3120,0.0042724274,-0.0020311398635385557,92.41876711845399,0.036181640625,0.2,36.03844451904297,0.0005,0.7116641998291016,-5.828908279538155,14.649460792541504
616,37.648608065531754,0.0,314,2572288,163.18,0,0.6274768010921958,4172,286.30518305000004,3130,0.003183112,-0.002960105363308685,110.0850028038025,0.01793212890625,0.2,58.119205474853516,0.0005,0.6572872400283813,-5.8316087692976,14.489434242248535
616,36.66434303749847,0.0,315,2580480,159.0,0,0.6110723839583079,4186,279.79968961,3140,0.004048256,-0.0007270034482644405,104.69241404533386,0.05140380859375,0.2,47.557456970214844,0.0005,0.6796063780784607,-5.8376893222332,14.642500877380371
616,38.10839315642203,0.0,316,2588672,165.52,0,0.6351398859403672,4199,291.0451713,3150,0.0042810002,-0.003462733671767637,89.76241903305053,0.04390869140625,0.2,40.140079498291016,0.0005,0.7194051742553711,-5.828668600320816,14.707181930541992
616,38.066121526867335,0.0,317,2596864,161.89,0,0.6344353587811222,4211,290.30617030999997,3160,0.005587274,-0.0008396812561841216,88.83812890052795,0.05140380859375,0.2,36.26507568359375,0.0005,0.723345935344696,-5.823066827654839,14.891372680664062
616,38.17498206306129,0.0,318,2605056,167.63,0,0.6362497010510215,4225,300.55488911,3170,0.004281993,0.0002592543969512917,102.19193024635315,0.05113525390625,0.2,43.74480056762695,0.0005,0.6820235252380371,-5.845551785826683,15.128055572509766
616,37.41957738006697,0.0,319,2613248,174.05,0,0.6236596230011161,4238,307.1565803,3180,0.0059384974,4.259819252183661e-05,98.87406663894653,0.04608154296875,0.2,49.6461067199707,0.0005,0.7198385000228882,-5.874508365988731,15.531487464904785
616,37.409433489872015,0.0,320,2621440,169.98,0,0.6234905581645336,4251,300.60232755,3190,0.0034246687,-0.001813537896669004,78.04670541286468,0.05821533203125,0.2,37.9752082824707,0.0005,0.7631946206092834,-5.889137262105942,15.688267707824707
616,37.285149617972436,0.0,321,2629632,172.05,0,0.6214191602995406,4264,301.93664112,3200,0.003216412,-0.0006184960584505461,86.86306719779968,0.05731201171875,0.2,35.49700927734375,0.0005,0.7282877564430237,-5.903035297989845,15.880000114440918
616,36.94068245142761,0.0,322,2637824,170.03,0,0.615678040857127,4277,297.28686026,3210,0.0042162137,-0.003639599133748561,87.22626943588257,0.0587158203125,0.2,33.74015808105469,0.0005,0.7426491975784302,-5.924113169312477,16.08818817138672
616,36.41353373427093,0.0,323,2646016,170.71,0,0.6068922289045154,4290,297.57669350000003,3220,0.0027159904,-0.00179759431630373,96.1431432723999,0.0350341796875,0.2,38.69297790527344,0.0005,0.7037566304206848,-5.93439028263092,16.32488250732422
616,37.58993454847558,0.0,324,2654208,158.09,0,0.6264989091412598,4304,276.72144486999997,3230,0.003069032,-0.002190580631577177,99.42190070152283,0.03548583984375,0.2,43.61347579956055,0.0005,0.7130747437477112,-5.947528985142708,16.696969985961914
616,36.536793598449584,0.0,325,2662400,154.97,0,0.6089465599741597,4317,270.48476400000004,3240,0.00921276,-0.0014699222487251974,96.31401424407959,0.04105224609375,0.2,41.90790939331055,0.0005,0.7127289175987244,-5.967034029960632,16.803985595703125
616,38.15418571890378,0.0,326,2670592,162.3,0,0.6359030953150631,4331,285.01751677,3250,0.0037581006,-0.0014123054745141417,84.70311465263367,0.04683837890625,0.2,37.214908599853516,0.0005,0.7302788496017456,-5.962641242146492,16.603193283081055
616,36.53044129803352,0.0,327,2678784,161.73,0,0.6088406883005586,4344,284.71158436999997,3260,0.0027563074,-0.00020455978155951016,101.027552652359,0.04229736328125,0.2,38.77083969116211,0.0005,0.7269302010536194,-5.976520079374313,17.01230239868164
616,37.08360569345325,0.0,328,2686976,172.34,0,0.6180600948908874,4356,298.71307008,3270,0.0035711997,-0.002247983978304546,87.13559207916259,0.04937744140625,0.2,42.13753128051758,0.0005,0.7030472755432129,-5.984903055429458,16.910860061645508
616,37.47382092254118,0.0,329,2695168,165.17,0,0.6245636820423528,4370,289.79867198,3280,0.00421024,0.0004605520189215895,82.16383085250854,0.06243896484375,0.2,30.216472625732422,0.0005,0.7330499887466431,-5.981918346881867,16.86496925354004
616,35.882075743759344,0.0,330,2703360,170.78,0,0.5980345957293225,4383,298.5113266800001,3290,0.003088073,-0.00013221176268416457,106.00699758529663,0.06282958984375,0.2,42.206199645996094,0.0005,0.6974532604217529,-5.997026550769806,17.214248657226562
616,36.188811363682106,0.0,331,2711552,187.39,0,0.6031468560613684,4396,321.61399799,3300,0.0036284672,-0.0014283031145168935,84.4604519367218,0.0536376953125,0.2,44.3748664855957,0.0005,0.7394465208053589,-6.005983874201775,17.271068572998047
616,36.359611054192676,0.0,332,2719744,188.32,0,0.6059935175698781,4409,320.81411159,3310,0.0054481234,-0.0020090120931854473,82.41282618045807,0.05736083984375,0.2,32.355716705322266,0.0005,0.7355514168739319,-6.01414902806282,17.423276901245117
616,36.44400975852955,0.0,333,2727936,189.49,0,0.6074001626421592,4421,324.49971804999996,3320,0.008673166,-0.0002391481481026858,81.90040588378906,0.071630859375,0.2,33.08491516113281,0.0005,0.7204282283782959,-6.020604953169823,17.67612075805664
616,36.45178200777532,0.0,334,2736128,192.25,0,0.6075297001295887,4434,328.43863645,3330,0.004655657,-0.0020969241522834636,78.15709145069123,0.03172607421875,0.2,36.96809768676758,0.0005,0.7378301620483398,-6.022529876232147,17.702022552490234
616,36.38869530338243,0.0,335,2744320,197.14,0,0.6064782550563739,4448,337.6576371,3340,0.006967826,-0.0023110227652068716,83.2562894821167,0.03350830078125,0.2,40.21281433105469,0.0005,0.7186679840087891,-6.036363068222999,17.70383071899414
616,36.18256522215732,0.0,336,2752512,197.29,0,0.603042753702622,4462,336.64128289,3350,0.0063462444,-0.0028812800876039544,90.88089847564697,0.03560791015625,0.2,44.213661193847656,0.0005,0.7359168529510498,-6.025032955408096,17.40152359008789
616,37.62761286062558,0.0,337,2760704,178.39,0,0.6271268810104265,4476,309.47913470000003,3360,0.008674971,0.0002234048348327633,82.53483645915985,0.05362548828125,0.2,33.08909225463867,0.0005,0.7593274712562561,-6.022315815091133,17.558076858520508
616,37.02901727111536,0.0,338,2768896,172.41,0,0.6171502878519226,4489,301.93906510000005,3370,0.004299471,-0.0019173597254848573,102.12144765853881,0.03753662109375,0.2,41.84151840209961,0.0005,0.6695253849029541,-6.044705006480217,17.96206283569336
616,37.086591607607275,0.0,339,2777088,173.18,0,0.6181098601267878,4502,304.89774109000007,3380,0.004374044,-0.0018058548928820528,94.5779866218567,0.03427734375,0.2,47.28082275390625,0.0005,0.7334609627723694,-6.061457628011704,18.12640380859375
616,36.032845877855486,0.0,340,2785280,189.58,0,0.6005474312975914,4515,329.00536918000006,3390,0.0029720995,-0.0013236821629106998,79.91341969966888,0.0292236328125,0.2,39.420692443847656,0.0005,0.7421029806137085,-6.074033141136169,18.3981990814209
616,37.9229666051021,0.0,341,2793472,187.23,0,0.6320494434183683,4529,323.96160425,3400,0.0063136327,-0.0019725556376215536,79.74203946590424,0.049072265625,0.2,41.78865432739258,0.0005,0.7178096771240234,-6.076445135474205,18.539941787719727
616,36.178482510701784,0.0,342,2801664,186.7,0,0.6029747085116964,4543,322.53381980000006,3410,0.0057453625,-0.002686251096019987,94.55431270599365,0.05111083984375,0.2,37.48888397216797,0.0005,0.7242584228515625,-6.079539412260056,18.74507713317871
616,37.916413671941925,0.0,343,2809856,171.29,0,0.6319402278656987,4556,300.78880350000003,3420,0.003902453,-0.0029842177755199373,80.71505026817321,0.0341796875,0.2,34.81708908081055,0.0005,0.7616971731185913,-6.07464125752449,18.7144832611084
616,38.26347561766822,0.0,344,2818048,161.45,0,0.6377245936278036,4569,291.37057400000003,3430,0.0048626945,-0.0013314284420630428,91.39808251857758,0.0312255859375,0.2,47.761070251464844,0.0005,0.6962422132492065,-6.07808144390583,18.988880157470703
616,37.47482149850347,0.0,345,2826240,175.69,0,0.6245803583083912,4582,312.41255671000005,3440,0.0051068035,-0.0020199346879962833,91.68638873100281,0.03876953125,0.2,46.345706939697266,0.0005,0.6983610391616821,-6.097981715202332,19.183713912963867
616,36.72416968105621,0.0,346,2834432,185.46,0,0.6120694946842701,4595,324.98343387,3450,0.0034695882,-0.0008138117023918312,85.69884424209594,0.0442138671875,0.2,34.72819137573242,0.0005,0.7451972961425781,-6.099557021260262,19.102506637573242
616,37.532753861514884,0.0,347,2842624,184.78,0,0.6255458976919148,4609,324.02088144000004,3460,0.0038378462,-0.0035929485646192917,78.89716038703918,0.03868408203125,0.2,33.150203704833984,0.0005,0.7266457080841064,-6.0861051887273785,18.981569290161133
616,37.964927081757885,0.0,348,2850816,175.48,0,0.6327487846959647,4622,310.43490167000004,3470,0.0025029262,-0.0021407273176009766,95.8900188446045,0.03470458984375,0.2,43.460811614990234,0.0005,0.7221548557281494,-6.091043481230736,19.32848358154297
616,37.305894947919,0.0,349,2859008,181.29,0,0.62176491579865,4635,321.77366039000003,3480,0.0049216812,-0.0009606371691916138,93.6788531780243,0.048681640625,0.2,48.48093032836914,0.0005,0.6908302307128906,-6.110999190807343,19.587783813476562
616,37.49987776354918,0.0,350,2867200,197.05,0,0.6249979627258195,4648,348.45081016999995,3490,0.005098507,-0.002546316031657625,92.30246319770814,0.03397216796875,0.2,33.773075103759766,0.0005,0.69821697473526,-6.116389986872673,19.798112869262695
616,38.968586994927136,0.0,351,2875392,181.12,0,0.6494764499154522,4662,324.1901149,3500,0.0038059654,-0.0019745193887501953,92.60212721824647,0.06097412109375,0.2,36.29814529418945,0.0005,0.7193647623062134,-6.098251071572304,19.5564022064209
616,39.08299324408482,0.0,352,2883584,163.21,0,0.651383220734747,4675,297.44922969,3510,0.0048531834,-0.0021557427069637926,112.5084722995758,0.04010009765625,0.2,43.87092971801758,0.0005,0.6867104768753052,-6.088025683164597,19.648216247558594
616,39.08640319285169,0.0,353,2891776,151.34,0,0.651440053214195,4689,277.67258182,3520,0.006775822,-0.00021352380790631286,122.02883658409118,0.05220947265625,0.2,50.117977142333984,0.0005,0.6587691307067871,-6.120143520832062,20.10517120361328
616,38.17647472778835,0.0,354,2899968,154.46,0,0.6362745787964725,4702,281.88829671999997,3530,0.002554858,-0.001265580878680339,137.20962629318237,0.01522216796875,0.2,56.513671875,0.0005,0.6247063875198364,-6.139617291092873,20.24399185180664
616,37.998395871947054,0.0,355,2908160,161.79,0,0.6333065978657844,4716,289.7792377,3540,0.0041464632,-0.001641308765829308,111.74721341133117,0.0415771484375,0.2,45.90675735473633,0.0005,0.6451641321182251,-6.159981966018677,20.46268081665039
616,37.635994495768415,0.0,356,2916352,154.03,0,0.6272665749294737,4729,275.15602657,3550,0.0055790534,-0.001405681345204357,111.63541550636292,0.0413330078125,0.2,50.04092025756836,0.0005,0.6727035045623779,-6.173732924461365,20.66570472717285
616,37.23595671044482,0.0,357,2924544,156.96,0,0.6205992785074135,4742,275.78086648,3560,0.0033792485,-0.0010072068049339577,95.7336561203003,0.02308349609375,0.2,34.59630584716797,0.0005,0.7084576487541199,-6.188807269930839,20.86182403564453
616,36.68776283545978,0.0,358,2932736,171.56,0,0.6114627139243296,4755,297.56168345000003,3570,0.005433286,-0.0023351446565357038,102.53330202102661,0.07059326171875,0.2,48.110618591308594,0.0005,0.7226929664611816,-6.182833975553512,20.7166748046875
616,35.950970620403496,0.0,359,2940928,184.54,0,0.5991828436733917,4768,318.93030452000005,3580,0.0025843515,-0.0011738041604985483,83.25950059890747,0.03375244140625,0.2,34.50231170654297,0.0005,0.7596411108970642,-6.188738265633583,20.97015953063965
616,36.063438942314775,0.0,360,2949120,190.35,0,0.6010573157052463,4781,323.65696863,3590,0.0063929735,-0.0005510063841938972,81.47623584270477,0.04937744140625,0.2,33.16855239868164,0.0005,0.7391801476478577,-6.199343141913414,21.145158767700195
616,35.819318567180076,0.0,361,2957312,198.13,0,0.5969886427863346,4794,332.86751996000004,3600,0.0026852414,-0.0018893185166234615,103.26487183570862,0.02489013671875,0.2,45.02360916137695,0.0005,0.6604006886482239,-6.195169997215271,21.174898147583008
616,38.66249024670764,0.0,362,2965504,187.59,0,0.6443748374451275,4808,326.2016866700001,3610,0.0043972125,-0.0014804067905060947,77.81612815856934,0.04813232421875,0.2,35.61334228515625,0.0005,0.7335255146026611,-6.185389631986618,20.938190460205078
616,38.25145587895072,0.0,363,2973696,178.04,0,0.6375242646491787,4821,318.70021610000003,3620,0.0027289856,-0.0018161560663429554,94.50149748325347,0.042919921875,0.2,39.231441497802734,0.0005,0.685767412185669,-6.196342343091965,21.534358978271484
616,37.33403018411283,0.0,364,2981888,174.2,0,0.6222338364018805,4835,309.99166438,3630,0.0041168714,-0.0002652707647939678,96.64243850708007,0.04815673828125,0.2,42.935272216796875,0.0005,0.7219018936157227,-6.2138351738452915,21.76740837097168
616,36.798568560975966,0.0,365,2990080,174.04,0,0.6133094760162661,4848,303.69188404,3640,0.004916648,-0.001807754074980039,106.1451904296875,0.05745849609375,0.2,45.31787872314453,0.0005,0.6968716979026794,-6.216779598593712,21.841920852661133
616,38.2574008611074,0.0,366,2998272,167.07,0,0.6376233476851233,4861,293.87175084000006,3650,0.007049565,-0.0007533205804065801,103.51663446426392,0.04681396484375,0.2,56.499507904052734,0.0005,0.6925159692764282,-6.219839107990265,21.91151237487793
616,36.92955807722453,0.0,367,3006464,158.24,0,0.6154926346204088,4875,281.35262218,3660,0.006373951,0.0008143664148519747,108.03896102905273,0.06859130859375,0.2,51.933258056640625,0.0005,0.6982189416885376,-6.242723727226258,22.47428321838379
616,36.23134824892803,0.0,368,3014656,175.2,0,0.6038558041488005,4888,303.71808088,3670,0.008724368,-0.0019036315468838438,98.93694248199463,0.03912353515625,0.2,47.72369384765625,0.0005,0.6962319612503052,-6.2737813860177996,22.946327209472656
616,35.261475486347834,0.0,369,3022848,185.62,0,0.5876912581057973,4902,315.0015967,3680,0.003976732,-0.00049001231091097,71.32393288612366,0.0526611328125,0.2,29.76628875732422,0.0005,0.7581827044487,-6.297581580281258,23.392742156982422
616,36.52847183154704,0.0,370,3031040,177.13,0,0.6088078638591173,4915,301.72762868,3690,0.0048282603,-0.0016882568415894639,91.56116054058074,0.043359375,0.2,44.028167724609375,0.0005,0.6897327303886414,-6.299826350808144,23.298728942871094
616,36.47418311121008,0.0,371,3039232,173.22,0,0.6079030518535014,4928,297.73055241000003,3700,0.0020102262,-0.001090236617528717,93.32661530971527,0.01903076171875,0.2,37.196468353271484,0.0005,0.6851512789726257,-6.296520537137985,23.385879516601562
616,36.274692059278344,0.0,372,3047424,178.43,0,0.6045782009879724,4941,305.53174548,3710,0.0045891237,-0.0022362972667906433,75.69475021362305,0.03974609375,0.2,31.3653564453125,0.0005,0.7534239888191223,-6.301736810803414,23.507999420166016
616,36.03200461820545,0.0,373,3055616,186.36,0,0.6005334103034241,4955,317.83525511,3720,0.004773737,-0.0029097570273734163,81.63134353160858,0.041650390625,0.2,41.784481048583984,0.0005,0.7085723876953125,-6.307227769494057,23.856836318969727
616,36.04413659041968,0.0,374,3063808,187.52,0,0.600735609840328,4968,317.34031361,3730,0.004371434,-0.00025157880809274503,82.46203396320342,0.03653564453125,0.2,44.80589294433594,0.0005,0.7399332523345947,-6.318658727407455,24.12180519104004
616,35.67067538433936,0.0,375,3072000,193.95,0,0.5945112564056559,4982,327.25821821,3740,0.0033960973,-0.001572406047489494,66.1938679933548,0.04962158203125,0.2,28.222612380981445,0.0005,0.7598088979721069,-6.318539229035378,23.873884201049805
616,36.53234500833092,0.0,376,3080192,192.25,0,0.6088724168055155,4995,327.50675093,3750,0.0041452707,-0.0037973874961608088,84.16710438728333,0.05596923828125,0.2,33.033016204833984,0.0005,0.7082235813140869,-6.306201407313347,23.641563415527344
616,36.816563998114844,0.0,377,3088384,182.86,0,0.6136093999685809,5007,313.42101384,3760,0.0053883647,-0.0004217827008687891,77.49834170341492,0.04735107421875,0.2,34.72815704345703,0.0005,0.7568283081054688,-6.304219827055931,23.890499114990234
616,36.48686565984325,0.0,378,3096576,186.58,0,0.608114427664054,5018,321.79644991000004,3770,0.0033982634,-0.0010251293955661823,95.92785077095031,0.04754638671875,0.2,35.99073791503906,0.0005,0.7151355743408203,-6.315356105566025,24.057165145874023
617,36.844967911816425,0.0,379,3104768,184.17,0,0.6140827985302737,5029,319.83911168000003,3780,0.004932488,-0.002181567180377897,87.64376935958862,0.033154296875,0.2,43.59793472290039,0.0005,0.7139953374862671,-6.336859193444252,24.502307891845703
617,36.46579638446951,0.0,380,3112960,184.45,0,0.6077632730744917,5041,318.64249444000006,3790,0.0053636776,-0.0028934052759723274,86.56847684383392,0.041455078125,0.2,33.812984466552734,0.0005,0.7304378747940063,-6.324191537499428,24.264604568481445
