rollout/ep_len_mean,time/total_timesteps,custom/reward_speed,custom/status_collision_mean,custom/status_speed_avg,time/time_elapsed,time/fps,custom/status_overtake_max,time/iterations,rollout/ep_rew_mean,train/clip_range,train/value_loss,train/learning_rate,train/explained_variance,train/n_updates,train/entropy_loss,train/approx_kl,train/std,train/policy_gradient_loss,train/loss,train/clip_fraction
226.53,5029888,0.6684873908984348,0.0,40.10924345390609,23,698,0,1,430.78078249,,,,,,,,,,,
262.82,5046272,0.6427006094656855,0.0,38.56203656794112,49,668,0,2,475.50339423000014,0.2,93.44681094884872,0.0005,0.7881035804748535,3070,-5.663914307951927,0.0042561786,14.945599555969238,-0.0018564239569968776,46.21165466308594,0.063140869140625
248.21,5062656,0.6544210892510012,0.0,39.265265355060066,72,675,0,3,451.00252744,0.2,94.39522387981415,0.0005,0.7681317329406738,3080,-5.677713929116726,0.008886391,15.294468879699707,-0.002226016253553098,40.91272735595703,0.074908447265625
270.47,5079040,0.6358154312247783,0.0,38.1489258734867,97,670,0,4,490.5619637600001,0.2,95.82467898130417,0.0005,0.7627288103103638,3090,-5.698632396757603,0.0073851934,15.457501411437988,-0.0025073589422390796,45.090431213378906,0.07967529296875
280.48,5095424,0.6288239342500102,0.0,37.729436055000605,122,669,0,5,491.8888843800001,0.2,86.67509478330612,0.0005,0.7786047458648682,3100,-5.71675339192152,0.0056713433,15.73256778717041,-0.0010473420919879573,47.25885772705078,0.09010009765625
278.86,5111808,0.582566049629654,0.0,34.953962977779234,144,679,0,6,480.55306561,0.2,90.06178750991822,0.0005,0.7873978018760681,3110,-5.741222228109836,0.006617017,16.138837814331055,-0.002438755123876035,47.32618713378906,0.062347412109375
290.04,5128192,0.6368810466753171,0.0,38.212862800519034,168,680,0,7,500.04266966999995,0.2,65.12908967733384,0.0005,0.8294125199317932,3120,-5.7593504130840305,0.0085725095,16.3343448638916,-0.003808771743206307,22.272485733032227,0.07900390625
273.27,5144576,0.6131823102211764,0.0,36.79093861327058,191,685,0,8,485.98273248000004,0.2,84.93514913320541,0.0005,0.805376410484314,3130,-5.766991825401783,0.0053282464,16.52857780456543,-0.0033731187788362147,35.516014099121094,0.067230224609375
282.16,5160960,0.6249448750464934,0.0,37.496692502789614,214,688,0,9,492.12238827,0.2,71.42216193675995,0.0005,0.8104252219200134,3140,-5.7806212335824965,0.006707865,16.7773494720459,-0.002957505688027595,32.228248596191406,0.082000732421875
244.63,5177344,0.6659176335226167,0.0,39.955058011357,236,691,0,10,450.79478029999996,0.2,93.74625440835953,0.0005,0.7800595164299011,3150,-5.79853872358799,0.0055310824,16.830528259277344,-0.003308197975275107,44.620361328125,0.053009033203125
243.39,5193728,0.6504685222999497,0.0,39.02811133799698,259,694,0,11,455.59449893,0.2,94.110828602314,0.0005,0.7920636534690857,3160,-5.798076692223549,0.0055205785,16.725963592529297,-0.004738280235324055,39.8223762512207,0.067724609375
241.06,5210112,0.6370610714781604,0.0,38.223664288689626,282,695,0,12,437.0537938499999,0.2,94.74175115823746,0.0005,0.7781439423561096,3170,-5.803701484203339,0.006828892,16.932403564453125,-0.0029546588164521383,42.72473907470703,0.067822265625
266.48,5226496,0.6323190608982744,0.0,37.93914365389645,306,696,0,13,479.30573183,0.2,94.68058795928955,0.0005,0.7933377623558044,3180,-5.829271894693375,0.0062938556,17.355606079101562,-0.0013065095801721327,46.389793395996094,0.0767333984375
274.15,5242880,0.6193321013114214,0.0,37.15992607868529,328,699,0,14,484.06459320999994,0.2,78.06726845502854,0.0005,0.8008720874786377,3190,-5.852909010648728,0.008592321,17.647090911865234,-0.0027664988625474506,41.34239959716797,0.072119140625
277.92,5259264,0.59701966751272,0.0,35.82118005076319,352,697,0,15,480.35008252000006,0.2,78.38270283937455,0.0005,0.8137096166610718,3200,-5.8570073083043095,0.008886322,17.759111404418945,-0.003232481533632381,32.060302734375,0.068231201171875
289.08,5275648,0.6336264052747727,0.0,38.017584316486364,381,686,0,16,498.05899502,0.2,65.5510904788971,0.0005,0.8232814073562622,3210,-5.85502841770649,0.006324765,17.946441650390625,-0.0031549762970826123,30.359920501708984,0.074615478515625
263.15,5292032,0.6387063957379978,0.0,38.322383744279875,410,679,0,17,474.54838021999996,0.2,70.75912669897079,0.0005,0.8182862997055054,3220,-5.880336514115333,0.0052554305,18.463973999023438,-0.002736285620267154,27.76378631591797,0.059954833984375
278.07,5308416,0.599107940569015,0.0,35.9464764341409,440,669,0,18,488.18922562999995,0.2,76.59967082738876,0.0005,0.804421603679657,3230,-5.910065458714962,0.008486634,18.923751831054688,-0.0017696058417641324,31.55597686767578,0.072900390625
273.94,5324800,0.5929360112043776,0.0,35.576160672262645,467,665,0,19,470.48187538999997,0.2,80.84815582036973,0.0005,0.80839604139328,3240,-5.923914138972759,0.0053707566,19.06763458251953,-0.002249435863632243,37.94264602661133,0.076629638671875
274.54,5341184,0.6083629508978375,0.0,36.501777053870256,496,659,0,20,463.2207047199999,0.2,76.17629874944687,0.0005,0.804879903793335,3250,-5.9329493507742885,0.0078142155,19.300058364868164,-0.00488824972853763,37.30603790283203,0.063922119140625
252.11,5357568,0.6210010180271432,0.0,37.26006108162859,524,655,0,21,440.59839599,0.2,77.4593632698059,0.0005,0.8141703605651855,3260,-5.940052242577076,0.0074240305,19.529531478881836,-0.003375996479007881,41.98878479003906,0.071710205078125
253.81,5373952,0.633256215023378,0.0,37.995372901402675,553,651,0,22,443.13038382999997,0.2,78.07018131017685,0.0005,0.8167166113853455,3270,-5.955302108824253,0.0042513516,19.615034103393555,-0.0004715403338195756,41.33903884887695,0.0849853515625
275.47,5390336,0.5977062459942701,0.0,35.862374759656205,583,645,0,23,475.93781613,0.2,79.19641124010086,0.0005,0.8161276578903198,3280,-5.974662750959396,0.011877416,20.00520133972168,-0.0022985759664152284,35.766902923583984,0.065447998046875
295.82,5406720,0.5819606472046288,0.0,34.91763883227773,613,641,0,24,494.96578716,0.2,74.4224299788475,0.0005,0.8277182579040527,3290,-5.992230615019798,0.0041841194,20.20976448059082,-0.0001507091241364833,29.49494743347168,0.081365966796875
300.14,5423104,0.5853525310090244,0.0,35.12115186054147,642,637,0,25,494.77949684,0.2,68.46863032579422,0.0005,0.8311156034469604,3300,-5.999060671031475,0.010155452,20.341012954711914,-0.0026079769697389564,26.840694427490234,0.07119140625
281.98,5439488,0.5876131810454709,0.0,35.25679086272825,669,636,0,26,465.6827073299999,0.2,69.6253478050232,0.0005,0.8236265778541565,3310,-6.012494882941246,0.007364593,20.43122673034668,-0.0016069803532445803,27.087045669555664,0.0825927734375
290.33,5455872,0.5981888951036025,0.0,35.89133370621616,697,634,0,27,483.83300937,0.2,72.22624542713166,0.0005,0.8426603078842163,3320,-6.015421803295612,0.007140535,20.49996566772461,-0.0042241522838594395,32.78398895263672,0.06787109375
277.46,5472256,0.6018645846915949,0.0,36.11187508149569,725,632,0,28,466.88028443,0.2,70.18229147195817,0.0005,0.844813346862793,3330,-6.021126148104668,0.004634324,20.689332962036133,-0.0025787932881939923,32.64815139770508,0.073583984375
280.32,5488640,0.6158529262833046,0.0,36.951175576998274,753,630,0,29,484.37856458000005,0.2,70.84467675685883,0.0005,0.8380365967750549,3340,-6.017707259953022,0.006169413,20.866378784179688,-0.003889796404837398,29.862585067749023,0.066558837890625
274.4,5505024,0.6097743562211646,0.0,36.58646137326987,782,627,0,30,479.6748635000001,0.2,70.72513440847396,0.0005,0.8153335452079773,3350,-6.017735457420349,0.005574996,21.08008575439453,-0.0031745826912811027,30.606307983398438,0.064300537109375
271.83,5521408,0.6158656946294436,0.0,36.95194167776661,811,625,0,31,467.99129346999996,0.2,75.23330742120743,0.0005,0.8126177191734314,3360,-6.026875150203705,0.007596547,21.464807510375977,-0.0026575777868856677,31.030048370361328,0.065606689453125
274.31,5537792,0.6185504541821732,0.0,37.11302725093039,839,624,0,32,481.92704846,0.2,84.75766144990921,0.0005,0.7955217361450195,3370,-6.044939082860947,0.0100588165,21.97006607055664,-0.001973317066585878,34.64130401611328,0.088189697265625
262.67,5554176,0.6527165699799014,0.0,39.162994198794074,867,622,0,33,473.8862764599999,0.2,74.89494687318802,0.0005,0.8080678582191467,3380,-6.045020620524883,0.0057152975,21.716724395751953,-0.004309143328282516,36.013118743896484,0.07540283203125
268.91,5570560,0.6107594030432459,0.0,36.645564182594754,892,624,0,34,472.27306555,0.2,85.2582016468048,0.0005,0.7895517349243164,3390,-6.052710783481598,0.0062379735,22.13390350341797,-0.0030711280480318235,39.05214309692383,0.073040771484375
241.34,5586944,0.6498513838647295,0.0,38.991083031883775,914,626,0,35,426.81788467,0.2,79.74138530492783,0.0005,0.8140963315963745,3400,-6.061345584690571,0.0071649626,22.38258934020996,-0.0017325648659607396,46.76210403442383,0.08524169921875
234.22,5603328,0.6462150480771508,0.0,38.77290288462905,937,629,0,36,429.10407669,0.2,95.08741014003753,0.0005,0.7704936265945435,3410,-6.07005371004343,0.0066426825,22.59282112121582,-0.0042297703366784845,43.87802505493164,0.05762939453125
239.12,5619712,0.6578936865950251,0.0,39.473621195701504,960,631,0,37,439.73945781000003,0.2,90.67103013992309,0.0005,0.7747473120689392,3420,-6.083014224469662,0.0039359666,23.00702667236328,-0.004172505339374766,39.261470794677734,0.050555419921875
244.43,5636096,0.6481261495818632,0.0,38.8875689749118,984,632,0,38,452.25691337000006,0.2,93.86716310977936,0.0005,0.7886630296707153,3430,-6.105156947672367,0.005288237,23.357784271240234,-0.0020263271078874824,38.2582893371582,0.064495849609375
272.81,5652480,0.611488543565912,0.0,36.68931261395471,1006,634,0,39,484.55529526000004,0.2,94.04624745845794,0.0005,0.7974119186401367,3440,-6.133135499060154,0.0076084053,23.715700149536133,-0.0023859346369135893,48.40193557739258,0.057952880859375
268.74,5668864,0.6228384312037196,0.0,37.37030587222318,1029,636,0,40,467.38978643999997,0.2,70.1123899936676,0.0005,0.8233423233032227,3450,-6.147419248521328,0.0049639177,23.70969581604004,-0.0007206745507573942,35.293846130371094,0.085479736328125
271.37,5685248,0.5815041462722342,0.0,34.89024877633405,1052,638,0,41,466.2572139300001,0.2,84.54511243104935,0.0005,0.8145509362220764,3460,-6.155242073535919,0.0050476035,23.869234085083008,-0.003933529636196908,49.26115798950195,0.069659423828125
280.35,5701632,0.5992472658027566,0.0,35.954835948165396,1076,639,0,42,465.92837656999995,0.2,64.92303556203842,0.0005,0.82167649269104,3470,-6.166110634803772,0.0046173893,23.97426986694336,-0.0036220006171788556,21.059764862060547,0.057757568359375
242.62,5718016,0.6073965923412181,0.0,36.44379554047309,1099,640,0,43,421.08026885,0.2,77.2449253320694,0.0005,0.8035035133361816,3480,-6.168648563325405,0.0057621608,23.820045471191406,-0.004243120668616029,27.319477081298828,0.072943115234375
258.57,5734400,0.6134419480495676,0.0,36.80651688297405,1122,642,0,44,445.74376011,0.2,78.53201348781586,0.0005,0.7994789481163025,3490,-6.182964573800564,0.0051575433,24.080354690551758,-0.0033853522058052477,31.364044189453125,0.06776123046875
284.61,5750784,0.6047163806384355,0.0,36.28298283830613,1144,644,0,45,500.4386991499999,0.2,79.5112548828125,0.0005,0.799045979976654,3500,-6.206123313307762,0.0046464736,24.678234100341797,-0.0007644215729669668,40.42209243774414,0.076129150390625
281.4,5767168,0.6075858089331838,0.0,36.45514853599103,1166,646,0,46,484.02825133000005,0.2,61.390146100521086,0.0005,0.8326029181480408,3510,-6.206812992691994,0.006200607,24.883020401000977,-0.002817258731010952,23.43214225769043,0.07781982421875
278.18,5783552,0.600205161074721,0.0,36.01230966448326,1191,646,0,47,476.1294185699999,0.2,74.98292450904846,0.0005,0.8158071041107178,3520,-6.195016261935234,0.0059084445,24.83605194091797,-0.0051705179743294135,34.874794006347656,0.06248779296875
294.24,5799936,0.5939025606478053,0.0,35.63415363886832,1219,644,0,48,493.66274484,0.2,60.989884769916536,0.0005,0.8435280323028564,3530,-6.19700598269701,0.009223791,24.97629165649414,-0.0028554482410982017,22.24971580505371,0.097906494140625
309.08,5816320,0.5740726198608301,0.0,34.44435719164981,1248,643,0,49,513.55692126,0.2,66.77521396875382,0.0005,0.8166743516921997,3540,-6.211110627651214,0.007027029,25.17875099182129,-0.002559843757626368,36.77365493774414,0.083251953125
326.34,5832704,0.5791059390963249,0.0,34.74635634577949,1277,641,0,50,535.75458057,0.2,60.333556950092316,0.0005,0.8428258299827576,3550,-6.213875974714756,0.0067860167,25.139089584350586,-0.003870083039146266,26.741344451904297,0.06990966796875
308.75,5849088,0.6054928342373423,0.0,36.329570054240534,1305,640,0,51,512.9942644400002,0.2,62.84215248823166,0.0005,0.8397153615951538,3560,-6.212556061148644,0.0125692785,25.21495819091797,-0.0021000750315579354,27.049543380737305,0.079315185546875
250.33,5865472,0.6372832587496164,0.0,38.23699552497699,1333,638,0,52,443.28080271,0.2,64.14306415319443,0.0005,0.8295037746429443,3570,-6.203304882347584,0.006342116,25.028711318969727,-0.003246454015970812,32.24433517456055,0.078997802734375
254.46,5881856,0.6205643053605135,0.0,37.23385832163081,1362,637,0,53,449.39522789,0.2,85.67262494564056,0.0005,0.8113036751747131,3580,-6.2150894671678545,0.004431312,25.349302291870117,-0.002938694039767142,46.48487854003906,0.053326416015625
268.06,5898240,0.6377594714425883,0.0,38.26556828655529,1390,636,0,54,480.97729442000013,0.2,77.67277581691742,0.0005,0.798842191696167,3590,-6.212034238874912,0.0062531363,25.406206130981445,-0.003773158432159107,37.03573989868164,0.067529296875
265.76,5914624,0.6217901124640357,0.0,37.307406747842144,1419,634,0,55,474.96329722,0.2,80.34668807983398,0.0005,0.8255898952484131,3600,-6.216503125429154,0.0069418326,25.87264633178711,-0.0022138675827591213,36.95573806762695,0.073712158203125
265.3,5931008,0.6117775389693767,0.0,36.706652338162606,1448,633,0,56,464.15768567000015,0.2,82.81018866300583,0.0005,0.8057368993759155,3610,-6.241144388914108,0.0058808327,26.238155364990234,-0.003444937794483849,34.98802947998047,0.07281494140625
260.59,5947392,0.6241086602256544,0.0,37.446519613539266,1477,631,0,57,458.81083412,0.2,81.87095912694932,0.0005,0.8160308599472046,3620,-6.266478477418422,0.0063811066,26.71993064880371,-0.002875852293436765,37.335060119628906,0.066595458984375
253.13,5963776,0.6058568834083229,0.0,36.35141300449938,1506,630,0,58,440.40797895,0.2,79.32892922163009,0.0005,0.7923463582992554,3630,-6.290556624531746,0.0049842587,27.247587203979492,-0.0018914034357294441,40.22438430786133,0.064422607421875
296.29,5980160,0.5917908663214018,0.0,35.507451979284106,1534,629,0,59,494.8336289900001,0.2,73.28652406930924,0.0005,0.8091775178909302,3640,-6.2911837071180345,0.005973692,27.135042190551758,-0.004358454842804349,33.26976013183594,0.05936279296875
314.08,5996544,0.5770759317162688,0.0,34.62455590297613,1565,628,0,60,522.10627105,0.2,67.44343795776368,0.0005,0.8195225596427917,3650,-6.302299025654793,0.013647925,27.652740478515625,-0.0024400346372203787,24.5311336517334,0.0831787109375
289.36,6012928,0.6002399606825297,0.0,36.014397640951785,1593,627,0,61,483.69433839000004,0.2,60.93188916444778,0.0005,0.8160614967346191,3660,-6.315398260951042,0.0065278285,27.74004554748535,-0.0020828518390771933,25.0399227142334,0.07669677734375
253.36,6029312,0.6018999937204659,0.0,36.113999623227954,1622,625,0,62,435.4118034500001,0.2,86.25062296390533,0.0005,0.8073587417602539,3670,-6.316482950747013,0.007006324,27.978303909301758,-0.0032276221019856164,38.194610595703125,0.079736328125
266.87,6045696,0.5931823046890442,0.0,35.59093828134265,1650,625,0,63,448.93468036999997,0.2,81.24598100185395,0.0005,0.7946263551712036,3680,-6.331983578205109,0.014900347,28.443220138549805,-0.003744667919454514,33.463932037353516,0.078082275390625
289.69,6062080,0.5943539737088722,0.0,35.661238422532335,1679,624,0,64,488.37850829,0.2,61.64643223285675,0.0005,0.8067098259925842,3690,-6.334480135142803,0.010253696,28.682720184326172,-0.00390903490861092,21.876300811767578,0.07803955078125
275.27,6078464,0.5922287828576759,0.0,35.53372697146055,1709,623,0,65,458.27066295,0.2,74.61938970088958,0.0005,0.8181626796722412,3700,-6.324838773906231,0.01250127,28.63117218017578,-0.0037388240460131785,34.02212905883789,0.07376708984375
270.69,6094848,0.5823425079719584,0.0,34.940550478317505,1737,622,0,66,451.0699931699999,0.2,83.06156542301179,0.0005,0.7928259968757629,3710,-6.355698370933533,0.01327974,29.3497314453125,-0.0019045494402234909,36.568634033203125,0.07415771484375
304.71,6111232,0.565516879626818,0.0,33.93101277760908,1766,621,0,67,493.27956488999996,0.2,72.06031582355499,0.0005,0.8142375946044922,3720,-6.390085607767105,0.009444423,29.899805068969727,-0.0017541123383125524,30.666255950927734,0.077923583984375
301.84,6127616,0.5848446606289919,0.0,35.09067963773951,1794,620,0,68,492.1567077700001,0.2,64.22914440631867,0.0005,0.8192523121833801,3730,-6.401357714831829,0.0073015485,30.020261764526367,-0.003232227944317856,30.765329360961914,0.07916259765625
252.99,6144000,0.6362230355339615,0.0,38.1733821320377,1822,620,0,69,442.31772778,0.2,74.31005492210389,0.0005,0.7893036603927612,3740,-6.379879036545754,0.005995698,29.611873626708984,-0.004031540497453534,33.78936004638672,0.067279052734375
262.74,6160384,0.6197127525942228,0.0,37.18276515565337,1851,619,0,70,467.11004124999994,0.2,93.56902782917022,0.0005,0.7510212659835815,3750,-6.3764240622520445,0.006052345,29.94566535949707,-0.002851393336459296,41.49943161010742,0.074066162109375
288.86,6176768,0.6136218290876218,0.0,36.81730974525731,1880,618,0,71,503.31833423999996,0.2,73.99417679309845,0.0005,0.8150944709777832,3760,-6.3853278934955595,0.0051896162,30.080957412719727,-0.003091469249193324,27.30629539489746,0.067205810546875
293.18,6193152,0.6131508750961279,0.0,36.78905250576767,1908,617,0,72,503.95637683,0.2,78.70966305732728,0.0005,0.8092684149742126,3770,-6.3900191828608515,0.0050562294,30.3713436126709,-0.0018018562441284303,29.622440338134766,0.067828369140625
287.23,6209536,0.6276541727205165,0.0,37.65925036323099,1938,617,0,73,501.66405015000004,0.2,82.86583136320114,0.0005,0.7927252054214478,3780,-6.393633036315441,0.009462511,30.517520904541016,-0.004498214567138348,41.00822067260742,0.066162109375
254.3,6225920,0.6685326418122951,0.0,40.11195850873771,1967,616,0,74,462.86331547000003,0.2,73.71015251874924,0.0005,0.810508131980896,3790,-6.395898607373238,0.008326128,30.51633071899414,-0.002996734928819933,36.55918884277344,0.06165771484375
253.58,6242304,0.6382837252698526,0.0,38.29702351619116,1997,615,0,75,467.18228489,0.2,89.16378593444824,0.0005,0.7670677900314331,3800,-6.396615715324879,0.005630073,30.661876678466797,-0.0030768792425078574,31.60831642150879,0.063818359375
238.06,6258688,0.6280438711393577,0.0,37.68263226836146,2026,614,0,76,429.93687381999996,0.2,79.5663837313652,0.0005,0.7819257378578186,3810,-6.419077114760876,0.014109424,31.385942459106445,-0.0015517285111855017,37.439170837402344,0.07032470703125
263.3,6275072,0.6047600790811711,0.0,36.28560474487027,2055,613,0,77,458.56728440000006,0.2,101.33798568248748,0.0005,0.7427724599838257,3820,-6.448944921791553,0.0051114224,32.152713775634766,-0.0015499958655709634,31.779523849487305,0.070050048828125
288.09,6291456,0.5983918241869167,0.0,35.903509451215,2084,613,0,78,493.94998243000003,0.2,75.87857037782669,0.0005,0.8022940754890442,3830,-6.477765440940857,0.005560524,32.49277877807617,-0.003991455662253429,30.60100555419922,0.070819091796875
263.79,6307840,0.5933069044829709,0.0,35.598414268978246,2114,612,0,79,445.33718756,0.2,72.21641960144044,0.0005,0.8155876398086548,3840,-6.468309985101223,0.0060858903,32.29723358154297,-0.005503450007017819,32.117095947265625,0.0616455078125
297.64,6324224,0.5635501097334867,0.0,33.8130065840092,2142,611,0,80,486.0219428600001,0.2,79.3899035334587,0.0005,0.8062055110931396,3850,-6.46481277346611,0.006943552,32.55110168457031,-0.0033417698396078777,45.62965774536133,0.073431396484375
306.6,6340608,0.6077421109729488,0.0,36.464526658376926,2171,611,0,81,505.9733554400001,0.2,56.52309210300446,0.0005,0.8420801162719727,3860,-6.461453053355217,0.007460787,32.51034164428711,-0.001464328398287762,22.489028930664062,0.0998779296875
274.76,6356992,0.6036307564323354,0.0,36.21784538594013,2199,610,0,82,470.89036077,0.2,70.93493688106537,0.0005,0.8059065341949463,3870,-6.469114936888218,0.005327045,32.972984313964844,-0.003697847792864195,47.06610870361328,0.06337890625
306.98,6373376,0.558971280113306,0.0,33.53827680679835,2228,610,0,83,505.95661378999995,0.2,72.01793731451035,0.0005,0.8296587467193604,3880,-6.482419289648533,0.0043527344,32.96268081665039,-0.001221120689297095,32.7747917175293,0.07427978515625
312.57,6389760,0.59736494678866,0.0,35.8418968073196,2257,609,0,84,511.93664448999994,0.2,61.25703349113464,0.0005,0.8245458006858826,3890,-6.457495629787445,0.008745612,32.94179916381836,-0.0032129419247212353,30.764991760253906,0.08251953125
248.46,6406144,0.625894604689818,0.0,37.55367628138907,2285,609,0,85,433.73273642,0.2,73.58905584812165,0.0005,0.8332483172416687,3900,-6.445034681260585,0.007642676,32.43593978881836,-0.002754374357755296,28.830612182617188,0.08729248046875
240.59,6422528,0.6264320756353241,0.0,37.58592453811944,2314,608,0,86,430.65305435000005,0.2,86.09608565568924,0.0005,0.8004831075668335,3910,-6.442178438603878,0.006038965,32.673133850097656,-0.00286456161775277,37.03895950317383,0.07166748046875
239.61,6438912,0.6388692409469436,0.0,38.33215445681661,2342,608,0,87,426.66213085999993,0.2,85.86396708488465,0.0005,0.8128993511199951,3920,-6.4572726264595985,0.0059359493,33.493865966796875,-0.003515428768878337,44.057029724121094,0.06695556640625
244.79,6455296,0.6205246343926589,0.0,37.231478063559535,2371,607,0,88,440.06970562000004,0.2,90.52686978578568,0.0005,0.7894880771636963,3930,-6.4667757287621495,0.007042651,34.0010986328125,-0.0030838072307233233,32.44638442993164,0.073065185546875
267.97,6471680,0.6508700634592122,0.0,39.05220380755272,2400,607,0,89,482.17381345,0.2,76.61208546161652,0.0005,0.8043862581253052,3940,-6.480497927963734,0.006612346,34.45951461791992,-0.0019309930459712632,32.80903244018555,0.0855224609375
260.4,6488064,0.6125335479512715,0.0,36.7520128770763,2428,607,0,90,461.83219953000014,0.2,86.6749482870102,0.0005,0.7784779071807861,3950,-6.497727246582508,0.004801168,34.822025299072266,-0.0018285085796378552,35.568721771240234,0.07257080078125
288.67,6504448,0.6058784804579536,0.0,36.352708827477215,2457,606,0,91,493.7250584000001,0.2,79.82518520355225,0.0005,0.7956255674362183,3960,-6.51775913387537,0.0061135595,35.48411178588867,-0.0030766556119488087,45.1524543762207,0.060552978515625
279.86,6520832,0.599019017398084,0.0,35.94114104388505,2486,606,0,92,479.24054499,0.2,71.09300628900527,0.0005,0.8131213188171387,3970,-6.53637716025114,0.008273056,35.5717658996582,-0.001807290650322102,36.028499603271484,0.07431640625
287.67,6537216,0.5870157462241491,0.0,35.22094477344895,2515,605,0,93,486.07172304,0.2,76.69263960123062,0.0005,0.7870133519172668,3980,-6.5498624548316,0.006435031,36.4689826965332,-0.0036251340381568296,30.651599884033203,0.07132568359375
311.72,6553600,0.5712877211566226,0.0,34.27726326939735,2545,605,0,94,520.01060956,0.2,70.41172242164612,0.0005,0.7984573841094971,3990,-6.567984941601753,0.0074248845,37.19731140136719,-0.003830033872873173,36.80988693237305,0.068280029296875
314.69,6569984,0.5837413380286898,0.0,35.02448028172138,2574,604,0,95,513.18381786,0.2,59.115677285194394,0.0005,0.8346375226974487,4000,-6.5745545625686646,0.00842119,37.81028747558594,-0.003520503443905909,25.659591674804688,0.077001953125
282.99,6586368,0.5849743340440781,0.0,35.09846004264468,2603,604,0,96,474.94479562,0.2,69.32183219194413,0.0005,0.8168121576309204,4010,-6.566560076177121,0.01001463,37.34970474243164,-0.0025524360993586016,36.161781311035156,0.076739501953125
254.87,6602752,0.6454495216067322,0.0,38.72697129640393,2632,603,0,97,448.1278972700001,0.2,76.7410414814949,0.0005,0.8127117156982422,4020,-6.54686743170023,0.008018791,36.99879837036133,-0.002523043791006785,33.61280059814453,0.069537353515625
269.78,6619136,0.6173307842209278,0.0,37.03984705325567,2661,603,0,98,478.06526362000005,0.2,86.1450147986412,0.0005,0.800021231174469,4030,-6.543214815855026,0.0054685636,37.037696838378906,-0.001191380978707457,44.91510009765625,0.099560546875
261.23,6635520,0.6387718079638464,0.0,38.32630847783078,2689,603,0,99,459.81423621,0.2,77.03529765605927,0.0005,0.8092918992042542,4040,-6.528963397443294,0.0075441655,36.7930793762207,-0.005069104073845665,31.40200424194336,0.060284423828125
274.36,6651904,0.6224239956511901,0.0,37.34543973907141,2718,602,0,100,484.78214698999994,0.2,84.21827361583709,0.0005,0.8004875183105469,4050,-6.528708796203136,0.01245482,37.272274017333984,-0.0019226390919357072,36.004852294921875,0.071435546875
257.41,6668288,0.6536670647163217,0.0,39.220023882979305,2746,602,0,101,459.2654611,0.2,87.5461709022522,0.0005,0.8064197897911072,4060,-6.518464665114879,0.006299003,37.18488693237305,-0.0029062953228276454,32.86742401123047,0.072943115234375
266.65,6684672,0.6303758649653064,0.0,37.82255189791839,2774,602,0,102,474.29492998000006,0.2,88.51118332147598,0.0005,0.7975830435752869,4070,-6.530837377905845,0.0054869168,38.03142547607422,-0.001613600984273944,42.287174224853516,0.06365966796875
263.86,6701056,0.6148544282579631,0.0,36.891265695477784,2802,602,0,103,467.39012532,0.2,86.11693958044052,0.0005,0.7836229205131531,4080,-6.537975925207138,0.0092819845,38.50647735595703,-0.0024375029286602514,39.08269500732422,0.078887939453125
226.73,6717440,0.6653213915213256,0.0,39.919283491279536,2831,601,0,104,414.91909893999997,0.2,76.52526730298996,0.0005,0.8133323192596436,4090,-6.545819252729416,0.014647333,38.07761001586914,-0.002521658172918251,31.966886520385742,0.086602783203125
229.46,6733824,0.6457933970113894,0.0,38.74760382068336,2859,601,0,105,423.75353117,0.2,100.00786521434785,0.0005,0.7558298110961914,4100,-6.554658660292626,0.005927924,38.43333435058594,-0.004533337398606818,49.21138000488281,0.071685791015625
231.78,6750208,0.6355718880598616,0.0,38.1343132835917,2888,601,0,106,415.31165970000006,0.2,93.89121327400207,0.0005,0.7625604271888733,4110,-6.5763582020998,0.008914428,39.23357009887695,-0.0022534798961714843,38.89262771606445,0.077203369140625
243.3,6766592,0.6214995302363313,0.0,37.28997181417988,2915,601,0,107,430.72662278,0.2,106.46766471862793,0.0005,0.7713947296142578,4120,-6.602692247927189,0.0075730872,40.012420654296875,-0.005468667728564469,48.161590576171875,0.09791259765625
266.88,6782976,0.5949129554778217,0.0,35.6947773286693,2945,600,0,108,460.9096756500001,0.2,67.80385874509811,0.0005,0.8186319470405579,4130,-6.615325497090817,0.0070306286,40.40048599243164,-0.002680369108566083,31.42621421813965,0.090985107421875
267.13,6799360,0.6141183229984782,0.0,36.84709937990869,2974,600,0,109,457.48335972999996,0.2,72.12121570110321,0.0005,0.8169651627540588,4140,-6.602109813690186,0.005305323,39.87873458862305,-0.004296831526517053,40.43198776245117,0.082891845703125
260.91,6815744,0.6106729111779112,0.0,36.640374670674674,3002,600,0,110,448.05675448999995,0.2,71.58910224437713,0.0005,0.8247686624526978,4150,-6.603985108435154,0.009101627,40.14350891113281,-0.00202339388015389,30.788681030273438,0.075927734375
269.1,6832128,0.6009420167823682,0.0,36.0565210069421,3032,599,0,111,460.07130162999994,0.2,75.51683139801025,0.0005,0.8284690380096436,4160,-6.6173618018627165,0.006376518,40.31556701660156,-0.0024152031277481,40.85158920288086,0.065740966796875
245.5,6848512,0.6289226706790549,0.0,37.73536024074329,3061,599,0,112,429.47384805,0.2,75.3878206729889,0.0005,0.8353356719017029,4170,-6.621444527804852,0.008278604,40.31287384033203,-0.003599924816080602,33.78235626220703,0.076177978515625
254.49,6864896,0.6187632995833174,0.0,37.125797974999045,3089,599,0,113,447.15480595,0.2,86.71411733627319,0.0005,0.7960189580917358,4180,-6.625804553925991,0.0077284565,40.10847854614258,-0.003991178269643569,33.84969711303711,0.076165771484375
247.83,6881280,0.6436816949544159,0.0,38.620901697264955,3117,599,0,114,441.34106644,0.2,85.55138578414918,0.0005,0.7904679179191589,4190,-6.615770845115184,0.0053576953,39.948055267333984,-0.00548411131312605,29.323816299438477,0.07120361328125
244.44,6897664,0.6392093745866857,0.0,38.35256247520115,3146,598,0,115,442.48746779,0.2,87.37700597047805,0.0005,0.8080401420593262,4200,-6.618785236775875,0.0060787154,40.24137878417969,-0.003032580991930445,46.16835403442383,0.070733642578125
244.65,6914048,0.6114970943911578,0.0,36.68982566346946,3175,598,0,116,436.5251470400001,0.2,80.38480311632156,0.0005,0.7992867827415466,4210,-6.629174265265465,0.0066554295,40.73250198364258,-0.0011056410809032967,35.40232467651367,0.09366455078125
286.55,6930432,0.5906189252950699,0.0,35.43713551770419,3203,598,0,117,487.46752197999996,0.2,74.92733248472214,0.0005,0.8252730369567871,4220,-6.636161376535893,0.005915151,41.2999382019043,-0.002694167160007055,32.34611129760742,0.074755859375
296.58,6946816,0.6251442452352461,0.0,37.50865471411477,3231,598,0,118,506.64920405,0.2,62.34883431196213,0.0005,0.8404924869537354,4230,-6.6349568024277685,0.011228355,40.98663330078125,-0.002399633809545776,24.31816864013672,0.08800048828125
277.5,6963200,0.640099999789469,0.0,38.40599998736813,3259,598,0,119,494.86544595,0.2,65.5721639752388,0.0005,0.8331664800643921,4240,-6.626256373524666,0.0056234803,40.74709701538086,9.244129214494023e-05,29.60453224182129,0.100335693359375
289.33,6979584,0.6242557629771732,0.0,37.45534577863039,3289,597,0,120,515.5747930499999,0.2,74.98811069726943,0.0005,0.7951618432998657,4250,-6.619983491301537,0.0063440166,40.995216369628906,-0.0023566468011267717,29.867164611816406,0.065692138671875
279.96,6995968,0.6465700731618992,0.0,38.794204389713954,3317,597,0,121,498.64319844000005,0.2,66.58202171325684,0.0005,0.8475340604782104,4260,-6.626022526621819,0.007011885,41.21783447265625,-0.001400276274216594,33.23194122314453,0.06566162109375
288.37,7012352,0.6177453650291217,0.0,37.0647219017473,3345,597,0,122,513.6663508500001,0.2,82.46060523986816,0.0005,0.7978538274765015,4270,-6.638685227930546,0.005521193,41.290870666503906,-0.003413550076948013,42.2911262512207,0.05716552734375
278.06,7028736,0.6358481232544173,0.0,38.150887395265045,3375,597,0,123,491.26040538,0.2,68.33913173675538,0.0005,0.8282063603401184,4280,-6.630920505523681,0.006114568,40.82435607910156,-0.0032047597313066946,28.826190948486328,0.0694091796875
277.6,7045120,0.6390963806649925,0.0,38.345782839899556,3404,596,0,124,497.29012020999994,0.2,84.04092140197754,0.0005,0.8190354108810425,4290,-6.636145193874836,0.010548388,41.66538619995117,-0.002149677151464857,36.495487213134766,0.079779052734375
286.65,7061504,0.609370032917758,0.0,36.56220197506548,3433,596,0,125,504.22726294999995,0.2,79.8773865699768,0.0005,0.7990512847900391,4300,-6.6630625680088995,0.008291066,42.57217025756836,-0.003310698230779963,36.196929931640625,0.076898193359375
299.54,7077888,0.6035522737466803,0.0,36.21313642480082,3463,596,0,126,518.63098522,0.2,76.52183496952057,0.0005,0.8285571932792664,4310,-6.6804108515381815,0.009793013,42.605857849121094,-0.001718660519691184,28.630901336669922,0.09111328125
298.47,7094272,0.6092961628440925,0.0,36.55776977064555,3492,595,0,127,510.01015635000005,0.2,65.18255429267883,0.0005,0.8372774720191956,4320,-6.685427387058735,0.005642396,42.80362319946289,-0.0036130717817286495,30.18837547302246,0.06444091796875
277.7,7110656,0.6317250070033287,0.0,37.90350042019972,3521,595,0,128,487.70795072999994,0.2,77.76920977830886,0.0005,0.8192142844200134,4330,-6.673740655183792,0.0061491006,42.42991638183594,-0.0042656152498238955,29.20072364807129,0.059527587890625
278.75,7127040,0.607461136853509,0.0,36.44766821121054,3550,595,0,129,488.4809543999999,0.2,86.32868869304657,0.0005,0.7891111969947815,4340,-6.682879088819027,0.013640431,42.8820686340332,0.0012973959750524956,37.40217208862305,0.10413818359375
285.09,7143424,0.6225951784625182,0.0,37.35571070775109,3579,595,0,130,494.75197692,0.2,78.56857829093933,0.0005,0.8091341853141785,4350,-6.674288688600063,0.0053670625,42.41594314575195,-0.003980920817048173,32.61211395263672,0.069732666015625
296.25,7159808,0.6113188748723378,0.0,36.679132492340266,3608,594,0,131,515.8459630899999,0.2,81.39904221296311,0.0005,0.7897100448608398,4360,-6.681041146814823,0.0070903343,42.72816848754883,-0.003294229935272597,44.592498779296875,0.066656494140625
275.65,7176192,0.6299230808901273,0.0,37.79538485340764,3638,594,0,132,490.40184979,0.2,71.28647414445877,0.0005,0.8140770792961121,4370,-6.686278739571572,0.00552179,42.72620391845703,-0.004247888471581973,30.672574996948242,0.060528564453125
264.07,7192576,0.6203980640365787,0.0,37.22388384219472,3661,595,0,133,468.58696979000007,0.2,78.92369712591172,0.0005,0.8048291802406311,4380,-6.7075228035449985,0.020137765,43.59171676635742,-0.0013103958775900538,33.91486740112305,0.082110595703125
253.52,7208960,0.6458185227429559,0.0,38.74911136457736,3684,595,0,134,455.91167452999997,0.2,82.15631815195084,0.0005,0.8053773045539856,4390,-6.717290870845318,0.009179216,43.70933151245117,-0.0032978152517898706,32.996578216552734,0.076312255859375
243.32,7225344,0.6212319942747278,0.0,37.27391965648366,3707,596,0,135,436.86176929,0.2,79.3964442372322,0.0005,0.812311589717865,4400,-6.7346979707479475,0.007706988,45.00894546508789,-0.002211880613685935,42.55475616455078,0.08480224609375
274.93,7241728,0.604017513469133,0.0,36.24105080814799,3731,597,0,136,474.09075630000007,0.2,77.05982996225357,0.0005,0.8118791580200195,4410,-6.738084426522255,0.006976639,45.01066970825195,-0.0036863114160951226,27.347515106201172,0.05
262.05,7258112,0.6514522024777607,0.0,39.08713214866564,3754,597,0,137,466.91392569000004,0.2,68.88539899587632,0.0005,0.8324167728424072,4420,-6.719631704688072,0.0071831653,44.224647521972656,-0.003105819453776348,29.659894943237305,0.07689208984375
251.0,7274496,0.6111353146334082,0.0,36.6681188780045,3777,598,0,138,448.2871292500001,0.2,90.32501496076584,0.0005,0.796690821647644,4430,-6.741112430393696,0.007854344,45.285892486572266,-0.003245993196105701,37.749603271484375,0.06318359375
283.72,7290880,0.6286050700184524,0.0,37.71630420110714,3800,599,0,139,495.78515035000004,0.2,69.75198373794555,0.0005,0.8031349778175354,4440,-6.752468739449978,0.007428053,45.49560546875,-0.0017388967993611005,28.248985290527344,0.092572021484375
279.07,7307264,0.6278137048358639,0.0,37.66882229015184,3823,599,0,140,493.52957209,0.2,78.77090604305268,0.0005,0.7925230860710144,4450,-6.739696694910526,0.0087417085,45.032657623291016,-0.004112888182135066,40.3217887878418,0.076220703125
288.5,7323648,0.6451837056764655,0.0,38.71102234058793,3846,600,0,141,522.56741164,0.2,69.03292326927185,0.0005,0.8306079506874084,4460,-6.73952569514513,0.0078134835,45.30032730102539,-0.003371199324465124,33.246212005615234,0.079986572265625
274.67,7340032,0.645919607365749,0.0,38.75517644194494,3870,601,0,142,494.42649268,0.2,80.976338493824,0.0005,0.7929197549819946,4470,-6.734174898266792,0.0057495357,44.59708786010742,-0.0030383773453650067,35.13312911987305,0.068084716796875
252.98,7356416,0.6443411883190778,0.0,38.660471299144675,3897,601,0,143,464.34941384999996,0.2,86.89020837545395,0.0005,0.8064585328102112,4480,-6.740565784275532,0.0059370273,44.83023452758789,-0.0019649518209917003,48.16208267211914,0.081463623046875
262.79,7372800,0.6452488866640558,0.0,38.714933199843344,3926,600,0,144,481.44798942999995,0.2,85.23788151741027,0.0005,0.7869542837142944,4490,-6.759259767830372,0.009331024,45.47875213623047,-0.0015108453004359034,39.559600830078125,0.09505615234375
263.11,7389184,0.658944559593375,0.0,39.53667357560249,3954,600,0,145,486.52052813,0.2,89.17117649316788,0.0005,0.7764264345169067,4500,-6.758452706038952,0.004696175,45.36991500854492,-0.0038235336218349404,43.09138107299805,0.04512939453125
255.46,7405568,0.6653300752156717,0.0,39.9198045129403,3983,600,0,146,477.3639834499999,0.2,95.5356459259987,0.0005,0.7634950280189514,4510,-6.771154825389385,0.006990215,46.25198745727539,-0.0026662848671549,49.74142837524414,0.069720458984375
252.66,7421952,0.6591892529378798,0.0,39.551355176272786,4012,600,0,147,469.7324615200001,0.2,92.71464031934738,0.0005,0.7651716470718384,4520,-6.779136294126511,0.0059719486,46.629791259765625,-0.0017564698748174124,40.8399658203125,0.06378173828125
266.91,7438336,0.6335526256213369,0.0,38.013157537280215,4040,600,0,148,484.55804098,0.2,94.18865613937378,0.0005,0.7987752556800842,4530,-6.784154745936394,0.006283977,46.60575866699219,-0.002673896451597102,40.03802490234375,0.058746337890625
254.29,7454720,0.6516574761537148,0.0,39.099448569222886,4068,600,0,149,456.07934019,0.2,81.63699946403503,0.0005,0.7800101637840271,4540,-6.7760166570544245,0.00696886,46.13985061645508,-0.003975397655085544,35.9466438293457,0.061944580078125
250.74,7471104,0.64040390884283,0.0,38.424234530569805,4098,599,0,150,455.3925479100001,0.2,92.03069044351578,0.0005,0.8107531070709229,4550,-6.794521513581276,0.005928125,47.35779571533203,-0.0030403277378354687,50.708892822265625,0.06258544921875
269.66,7487488,0.6209929728218585,0.0,37.25957836931151,4127,599,0,151,479.23555499,0.2,84.83647099733352,0.0005,0.8078669309616089,4560,-6.818633243441582,0.0066520204,48.24293518066406,-0.0020603549637598917,31.265411376953125,0.07059326171875
253.16,7503872,0.63652316349899,0.0,38.191389809939395,4154,599,0,152,447.60507860999996,0.2,80.57693345546723,0.0005,0.7948986291885376,4570,-6.8437130689620975,0.0074609662,48.51741027832031,-0.0025091057759709656,27.21586036682129,0.076385498046875
243.84,7520256,0.6101446989166748,0.0,36.60868193500048,4182,599,0,153,433.35353051000004,0.2,85.19416508674621,0.0005,0.7811626195907593,4580,-6.864234164357185,0.005641939,49.335670471191406,-0.0033358795484673466,41.523765563964844,0.0684814453125
280.04,7536640,0.6142157893267763,0.0,36.85294735960659,4211,599,0,154,481.96877592,0.2,70.45204842090607,0.0005,0.7949421405792236,4590,-6.856548529863358,0.0070988312,49.05779266357422,-0.002842657965811668,28.935768127441406,0.07442626953125
269.69,7553024,0.6498793886598838,0.0,38.99276331959303,4239,599,0,155,479.27999838000005,0.2,63.8960364818573,0.0005,0.8288370966911316,4600,-6.839743876457215,0.0071881646,48.63156509399414,-0.004616057882958558,28.839736938476562,0.071893310546875
250.3,7569408,0.6522941012264911,0.0,39.137646073589465,4267,598,0,156,456.89872614,0.2,87.83403069972992,0.0005,0.7851450443267822,4610,-6.824858009815216,0.010923117,48.56871032714844,-0.002364647153444821,42.074649810791016,0.076617431640625
256.54,7585792,0.6265548118352318,0.0,37.59328871011391,4295,598,0,157,463.16296613,0.2,83.38977301120758,0.0005,0.7914429306983948,4620,-6.836263352632523,0.0064287675,49.205318450927734,-0.0025339240875837275,35.245391845703125,0.0615966796875
264.24,7602176,0.6404686350759764,0.0,38.42811810455859,4323,598,0,158,466.86793009,0.2,92.1493089556694,0.0005,0.7636889815330505,4630,-6.84723444879055,0.004513991,49.467403411865234,-0.0025630496347730514,41.459388732910156,0.05711669921875
253.76,7618560,0.6458165861149214,0.0,38.748995166895284,4352,598,0,159,462.72924687,0.2,85.86272201538085,0.0005,0.7829257845878601,4640,-6.85538217574358,0.0040238206,49.52476119995117,-0.0034253188059665263,32.46661376953125,0.062530517578125
271.95,7634944,0.610908719071342,0.0,36.654523144280525,4381,598,0,160,482.71739245000003,0.2,84.2072587132454,0.0005,0.7884954214096069,4650,-6.871435780823231,0.0059910403,50.07264709472656,-0.0034316284847591303,45.31842041015625,0.06806640625
286.01,7651328,0.6111393236441995,0.0,36.66835941865197,4411,597,0,161,494.13066619,0.2,72.6201984167099,0.0005,0.8035479784011841,4660,-6.881643176078796,0.0056053377,50.495792388916016,-0.002910858212999301,36.23636245727539,0.058685302734375
268.79,7667712,0.6325285738518304,0.0,37.95171443110982,4439,597,0,162,475.8953748300001,0.2,64.78957529067993,0.0005,0.8317826986312866,4670,-6.874256058037281,0.0062211114,50.53342819213867,-0.001986568271604483,30.634782791137695,0.08193359375
272.48,7684096,0.6229570295569093,0.0,37.377421773414554,4469,597,0,163,485.72971447000003,0.2,81.1568926692009,0.0005,0.7836738228797913,4680,-6.854744543135166,0.0055786995,50.114070892333984,-0.0047932274435879664,39.58967208862305,0.0620361328125
256.19,7700480,0.63298402176143,0.0,37.9790413056858,4497,597,0,164,455.1040047300001,0.2,74.4318102836609,0.0005,0.8034534454345703,4690,-6.869030117988586,0.007268887,51.2458610534668,-0.003026149181096116,28.462038040161133,0.065264892578125
265.51,7716864,0.5983407797125764,0.0,35.900446782754585,4526,597,0,165,461.68731548000005,0.2,83.63073270320892,0.0005,0.7926764488220215,4700,-6.8952960327267645,0.00533403,51.77488708496094,-0.0006008448024658719,34.30466842651367,0.063568115234375
303.51,7733248,0.6432985985708712,0.0,38.59791591425227,4555,597,0,166,529.6492629700001,0.2,61.88869881629944,0.0005,0.8236865401268005,4710,-6.873729273676872,0.0074636363,50.62283706665039,-0.004209940089640441,24.633441925048828,0.0702392578125
269.88,7749632,0.6412488726624342,0.0,38.47493235974606,4583,596,0,167,487.9179489,0.2,85.41969534158707,0.0005,0.7730945348739624,4720,-6.874010172486305,0.005333798,50.7629508972168,-0.0019485005283058853,34.235084533691406,0.0660888671875
270.14,7766016,0.6410415976484554,0.0,38.46249585890732,4611,596,0,168,482.7830349000001,0.2,83.67627292871475,0.0005,0.7797495126724243,4730,-6.874638679623604,0.0066223657,50.352725982666016,-0.004798463653423823,42.820472717285156,0.068817138671875
270.92,7782400,0.6411937640173118,0.0,38.471625841038716,4639,596,0,169,487.88522179999995,0.2,72.91829981803895,0.0005,0.8269339799880981,4740,-6.8750314429402355,0.012534553,50.3350944519043,-0.003184105117543368,32.33445739746094,0.066937255859375
244.79,7798784,0.6565158432614641,0.0,39.39095059568785,4668,596,0,170,450.3275203699999,0.2,85.588652074337,0.0005,0.8013074398040771,4750,-6.8904661878943445,0.006478835,51.37720489501953,-0.0022067051195335807,38.446876525878906,0.06876220703125
229.29,7815168,0.6334603181785206,0.0,38.00761909071123,4697,596,0,171,416.5253605,0.2,96.4447186589241,0.0005,0.7493038773536682,4760,-6.893355065584183,0.0044244947,51.496891021728516,-0.004691072040441213,48.620216369628906,0.055352783203125
225.7,7831552,0.6600751927360446,0.0,39.60451156416268,4725,596,0,172,415.72405815999997,0.2,87.20235308408738,0.0005,0.7777259349822998,4770,-6.900206831097603,0.004940547,52.336185455322266,-0.003452052592911059,37.021080017089844,0.048760986328125
266.76,7847936,0.6099824009441744,0.0,36.59894405665047,4753,596,0,173,474.91883035000006,0.2,88.35947246551514,0.0005,0.7703012824058533,4780,-6.906661306321621,0.0063868156,53.208621978759766,-0.003019757883521379,37.17219924926758,0.054296875
264.47,7864320,0.6214316923236133,0.0,37.2859015394168,4782,596,0,174,459.68515206000006,0.2,72.43624181747437,0.0005,0.8048452138900757,4790,-6.919489240646362,0.0056464467,53.656524658203125,-0.005009353697823826,23.39100456237793,0.065673828125
270.95,7880704,0.6220339801999548,0.0,37.32203881199729,4811,595,0,175,468.13727353,0.2,75.44329715967179,0.0005,0.799706220626831,4800,-6.918525095283985,0.0046911077,52.929351806640625,-0.000904658264335012,28.260168075561523,0.077239990234375
244.14,7897088,0.6630830253128583,0.0,39.7849815187715,4840,595,0,176,449.66747037999994,0.2,74.13989647626877,0.0005,0.7792760133743286,4810,-6.91125848442316,0.0067794765,52.78608703613281,-0.003387608144475962,27.625497817993164,0.068389892578125
232.06,7913472,0.652300181554042,0.0,39.13801089324252,4868,595,0,177,430.57252945,0.2,92.20650918483734,0.0005,0.7691851258277893,4820,-6.920969742536545,0.0062011853,52.96122741699219,-0.002269907160734874,45.233436584472656,0.064068603515625
262.35,7929856,0.6275309200464958,0.0,37.65185520278975,4897,595,0,178,474.9950563,0.2,88.82086794376373,0.0005,0.7748974561691284,4830,-6.9416608735919,0.010864673,53.7495231628418,-0.0003434540642047068,35.48158645629883,0.076898193359375
289.1,7946240,0.6176502125732823,0.0,37.05901275439694,4925,595,0,179,507.26317487,0.2,71.38782442808152,0.0005,0.8205605149269104,4840,-6.9428779318928715,0.0050718053,53.93766784667969,-0.00326799722861324,26.208248138427734,0.0496337890625
258.74,7962624,0.6105736377307178,0.0,36.634418263843074,4955,595,0,180,447.43810803,0.2,81.05532898902894,0.0005,0.8100429773330688,4850,-6.93156274408102,0.005576137,53.75547790527344,-0.0040178586201363945,39.34700393676758,0.066033935546875
229.96,7979008,0.6747892712370558,0.0,40.487356274223345,4984,594,0,181,418.13925946999996,0.2,80.81939145326615,0.0005,0.8067227005958557,4860,-6.911703355610371,0.012111438,53.62677764892578,-0.0029581129951111508,33.87488555908203,0.069720458984375
217.24,7995392,0.6679666177094248,0.0,40.07799706256549,5011,594,0,182,416.66314547,0.2,106.4257619857788,0.0005,0.7581431865692139,4870,-6.907158283889293,0.005132906,54.33306884765625,-0.004570206738208071,51.890174865722656,0.060369873046875
252.49,8011776,0.6374042772816936,0.0,38.24425663690161,5040,594,0,183,458.82937872,0.2,88.62980564832688,0.0005,0.7741063237190247,4880,-6.918399353325367,0.0062927743,54.876441955566406,-0.0019083526876784163,32.939823150634766,0.06156005859375
249.29,8028160,0.6511572464389531,0.0,39.06943478633719,5068,594,0,184,452.18684668000003,0.2,79.01055052280427,0.0005,0.7804321050643921,4890,-6.930108727514744,0.0077875904,55.473106384277344,-0.0022277273899817375,31.72709083557129,0.07003173828125
252.71,8044544,0.6606863906697361,0.0,39.641183440184165,5096,594,0,185,467.3618685900001,0.2,90.5279337644577,0.0005,0.7482830882072449,4900,-6.929479241371155,0.0050303186,55.608856201171875,-0.0029797502493238426,38.70061492919922,0.05433349609375
258.82,8060928,0.626949803839872,0.0,37.61698823039232,5125,594,0,186,464.2557861400001,0.2,82.2629328250885,0.0005,0.7742646932601929,4910,-6.933765448629856,0.0127633745,55.3876953125,-0.001980324982650927,33.97621154785156,0.075823974609375
261.73,8077312,0.6294152665355569,0.0,37.76491599213341,5154,594,0,187,465.41379298,0.2,84.82599991559982,0.0005,0.7981765270233154,4920,-6.93943850249052,0.0056548626,55.688541412353516,-0.0035581277537858115,36.98479080200195,0.06796875
250.7,8093696,0.6497271461043879,0.0,38.98362876626328,5183,594,0,188,454.11487354999997,0.2,88.91033568382264,0.0005,0.7472123503684998,4930,-6.939745417237281,0.0047624586,55.793251037597656,-0.0024893978792533745,34.62602615356445,0.05989990234375
259.06,8110080,0.6504940746882333,0.0,39.02964448129399,5211,594,0,189,465.72531924,0.2,97.17896358966827,0.0005,0.7311651706695557,4940,-6.943325653672218,0.0053242487,55.76779556274414,-0.0016227116888330785,55.65702819824219,0.08912353515625
260.14,8126464,0.6540120269129522,0.0,39.24072161477714,5240,594,0,190,474.81609250999986,0.2,88.53309313058853,0.0005,0.7701542377471924,4950,-6.941244888305664,0.005202343,55.827186584472656,-0.003770874911424471,37.042724609375,0.059130859375
232.34,8142848,0.6472283799650881,0.0,38.83370279790529,5269,593,0,191,428.23450798000005,0.2,83.34844028949738,0.0005,0.795613706111908,4960,-6.950483997166157,0.005470872,56.121700286865234,-0.002986203521140851,32.096214294433594,0.066534423828125
232.54,8159232,0.6510318562049404,0.0,39.06191137229642,5298,593,0,192,420.55339281999994,0.2,99.94119729995728,0.0005,0.760539174079895,4970,-6.954366110265255,0.008184299,57.15859603881836,-0.002887928441123222,48.51715850830078,0.069354248046875
262.75,8175616,0.6279895233909043,0.0,37.67937140345425,5326,593,0,193,468.36850811000005,0.2,85.50660964250565,0.0005,0.7997644543647766,4980,-6.9580707713961605,0.006957492,57.22919845581055,-0.0029838083741196898,45.068607330322266,0.070391845703125
273.87,8192000,0.6387283495161584,0.0,38.323700970969504,5355,593,0,194,492.15558895999993,0.2,84.2005339384079,0.0005,0.7875376343727112,4990,-6.955042240023613,0.0072733294,57.10980987548828,-0.0034578887454699723,37.436767578125,0.061663818359375
257.37,8208384,0.6478668358807963,0.0,38.87201015284778,5383,593,0,195,459.3112904500001,0.2,78.6575164437294,0.0005,0.8121941089630127,5000,-6.946719937026501,0.00554289,57.153770446777344,-0.0024549052428483264,34.33182907104492,0.077960205078125
229.29,8224768,0.6226694316217745,0.0,37.36016589730647,5411,593,0,196,412.32743122000016,0.2,85.45626922845841,0.0005,0.7961426973342896,5010,-6.9611773326992985,0.005810289,58.633060455322266,-0.004080227776103129,37.09476089477539,0.057562255859375
250.67,8241152,0.6654394937700248,0.0,39.926369626201485,5439,593,0,197,448.42191411000005,0.2,89.73762971162796,0.0005,0.7698087096214294,5020,-6.971367637813091,0.0065825405,58.28086853027344,-0.0029149248577596152,34.20500564575195,0.074951171875
259.97,8257536,0.6146039117126361,0.0,36.87623470275816,5468,593,0,198,472.47464189,0.2,96.70215842723846,0.0005,0.7661434412002563,5030,-6.9751319453120235,0.005892986,59.07161331176758,-0.0027144749561557545,42.02602767944336,0.06741943359375
262.91,8273920,0.601758294624549,0.0,36.10549767747294,5496,593,0,199,453.08059654000004,0.2,67.02958223819732,0.0005,0.827029824256897,5040,-6.990017817914486,0.007117432,59.81690216064453,-0.0028361121116176947,29.960500717163086,0.071331787109375
285.87,8290304,0.59763035129599,0.0,35.85782107775939,5525,593,0,200,481.09163648000003,0.2,76.60323925018311,0.0005,0.7977946400642395,5050,-6.984232361614704,0.008950798,59.24052047729492,-0.002812075527617708,33.54680252075195,0.071112060546875
280.04,8306688,0.6055789351778738,0.0,36.334736110672424,5554,592,0,201,477.07676303,0.2,71.15056166648864,0.0005,0.8218809366226196,5060,-6.974369472265243,0.009164639,58.91836929321289,-0.00453219203518529,28.453460693359375,0.074798583984375
305.13,8323072,0.6269258036045929,0.0,37.61554821627557,5584,592,0,202,527.59078232,0.2,67.97395193576813,0.0005,0.8036595582962036,5070,-6.980071464180947,0.0065431218,58.89974594116211,-0.00265297665973776,31.68233871459961,0.080303955078125
268.9,8339456,0.6549081643977505,0.0,39.294489863865024,5613,592,0,203,482.62663846,0.2,76.1576810002327,0.0005,0.8201905488967896,5080,-6.968852746486664,0.007592514,57.951080322265625,-0.005038257632259046,32.98711395263672,0.06435546875
254.05,8355840,0.6540677981030174,0.0,39.24406788618104,5640,592,0,204,466.76708551,0.2,87.79500185251236,0.0005,0.7816036939620972,5090,-6.962217503786087,0.006304778,57.81126403808594,-0.00623361625475809,42.120330810546875,0.058941650390625
235.31,8372224,0.6331838097816778,0.0,37.991028586900654,5670,592,0,205,428.7887918800001,0.2,95.06478427648544,0.0005,0.7825098037719727,5100,-6.9633651077747345,0.0096064415,58.59891128540039,-0.0013097154353090446,40.36335754394531,0.088616943359375
244.0,8388608,0.6359251886709971,0.0,38.15551132025983,5698,592,0,206,445.36619056999996,0.2,111.23147797584534,0.0005,0.7696830630302429,5110,-6.972569435834885,0.0053327563,59.241844177246094,-0.00476173005590681,51.44355392456055,0.05430908203125
235.49,8404992,0.6598255409684801,0.0,39.589532458108806,5727,592,0,207,427.89746021999997,0.2,93.27600072622299,0.0005,0.7782070636749268,5120,-6.978362525999546,0.0061536403,59.1965217590332,-0.003297328911503428,43.25934982299805,0.065557861328125
241.82,8421376,0.6337346086603013,0.0,38.02407651961808,5756,592,0,208,433.53396384,0.2,104.09416489601135,0.0005,0.7626121640205383,5130,-6.975719504058361,0.007198124,59.625091552734375,-0.0059737637478974644,40.1518669128418,0.070416259765625
249.56,8437760,0.6783417603050041,0.0,40.700505618300255,5785,591,0,209,458.07979644999995,0.2,94.77187247276306,0.0005,0.7667546272277832,5140,-6.97882317006588,0.00782837,59.69207763671875,-0.004439390669722343,36.024314880371094,0.074468994140625
231.03,8454144,0.6606852715532123,0.0,39.64111629319274,5815,591,0,210,435.31990150999997,0.2,100.42240681648255,0.0005,0.7607106566429138,5150,-6.952130430936814,0.005752641,58.983585357666016,-0.006697212853396195,41.3140754699707,0.064959716796875
266.87,8470528,0.6511047486175191,0.0,39.066284917051135,5845,591,0,211,493.00583331999997,0.2,95.1887642621994,0.0005,0.7744112014770508,5160,-6.9441127762198445,0.004535691,59.11649703979492,-0.0025124387222604126,50.944305419921875,0.06019287109375
248.81,8486912,0.6812558775072903,0.0,40.87535265043742,5875,591,0,212,464.5569912900001,0.2,80.9878096818924,0.0005,0.7974874973297119,5170,-6.9369650587439535,0.009978708,58.24845886230469,-0.0031033984960231464,34.48967742919922,0.071099853515625
226.47,8503296,0.6684578078622117,0.0,40.107468471732695,5904,590,0,213,421.49553659000003,0.2,100.68491425514222,0.0005,0.7654120922088623,5180,-6.94325592070818,0.006906597,58.840518951416016,-0.0024342598702787655,42.864017486572266,0.06666259765625
222.14,8519680,0.6805884432559619,0.0,40.835306595357714,5933,590,0,214,427.7642597599999,0.2,110.09876835346222,0.0005,0.7348440885543823,5190,-6.95399896800518,0.009115591,59.66268539428711,-0.004057696769086761,37.31431579589844,0.06146240234375
259.0,8536064,0.6677635615242377,0.0,40.06581369145427,5962,590,0,215,493.59260460999997,0.2,92.16892454624175,0.0005,0.7933307886123657,5200,-6.980183221399784,0.0083068665,61.1263542175293,-0.0019716418377356605,33.00732421875,0.066650390625
274.52,8552448,0.6382089489378879,0.0,38.29253693627328,5991,590,0,216,508.3252009500001,0.2,90.13763626813889,0.0005,0.8152071833610535,5210,-6.99782145768404,0.007766095,61.87474060058594,-0.002122094108199235,31.539180755615234,0.072515869140625
286.73,8568832,0.6097140029865447,0.0,36.58284017919268,6021,590,0,217,501.10706593000003,0.2,83.60788840055466,0.0005,0.8063876628875732,5220,-6.99182702600956,0.00953839,61.42900466918945,-0.0026172574540396453,34.17079544067383,0.08656005859375
286.3,8585216,0.6308834519424833,0.0,37.853007116548994,6049,590,0,218,503.67405722999996,0.2,76.97637923955918,0.0005,0.8265085220336914,5230,-6.982276178896427,0.006569982,61.37160873413086,-0.0031541777148959226,24.412078857421875,0.07708740234375
297.67,8601600,0.6179122207013923,0.0,37.07473324208354,6078,590,0,219,520.64071881,0.2,72.92525475025177,0.0005,0.8301277756690979,5240,-6.9754918843507765,0.008884923,60.81201171875,-0.0020414969614648724,40.06015396118164,0.103582763671875
274.74,8617984,0.642243134014199,0.0,38.53458804085194,6105,590,0,220,489.74403844,0.2,77.51671937704086,0.0005,0.844182014465332,5250,-6.978592950105667,0.007045866,60.65517044067383,-0.00319372229896544,35.989723205566406,0.069171142578125
268.57,8634368,0.6431802250326681,0.0,38.590813501960085,6134,590,0,221,488.99609585999997,0.2,83.28633726835251,0.0005,0.7965060472488403,5260,-6.969233499467373,0.00967877,61.28589630126953,-0.0025461611352511682,38.47838592529297,0.083544921875
238.79,8650752,0.6671408644599892,0.0,40.02845186759936,6162,590,0,222,445.00224605000005,0.2,94.44919643402099,0.0005,0.7926682233810425,5270,-6.978367358446121,0.0061510066,61.20261001586914,-0.0035837614883348578,38.782073974609375,0.071563720703125
263.58,8667136,0.634403149350742,0.0,38.06418896104452,6190,590,0,223,483.51970962,0.2,98.7020413517952,0.0005,0.7687164545059204,5280,-6.994629724323749,0.00771358,62.901859283447266,-0.0029865061478631105,32.96017074584961,0.084765625
275.22,8683520,0.6666658081229097,0.0,39.99994848737458,6219,590,0,224,502.0033962,0.2,74.56463783979416,0.0005,0.8184213638305664,5290,-6.9921264693140985,0.010543571,62.35283660888672,-0.002221605111844838,39.223182678222656,0.09329833984375
248.12,8699904,0.6590996504523781,0.0,39.54597902714268,6249,589,0,225,456.8965190099999,0.2,93.58250801563263,0.0005,0.7842042446136475,5300,-6.982634511590004,0.016061284,61.67673110961914,-0.0035672382273332914,40.59891891479492,0.080322265625
260.41,8716288,0.6397091767854636,0.0,38.38255060712782,6278,589,0,226,470.18670456,0.2,90.26907768249512,0.0005,0.8025473356246948,5310,-6.9902476713061334,0.0063043945,61.63435363769531,-0.0020803873369004576,49.681095123291016,0.072979736328125
264.63,8732672,0.6278983898024577,0.0,37.673903388147465,6307,589,0,227,474.18862664999995,0.2,84.15760554075241,0.0005,0.818669319152832,5320,-6.999775134027004,0.0055708843,62.004276275634766,-0.0028150796533736866,40.24885177612305,0.065338134765625
275.92,8749056,0.6526201665037761,0.0,39.15720999022656,6337,589,0,228,499.43944255,0.2,82.77522002458572,0.0005,0.810860276222229,5330,-7.003802372515201,0.006672255,61.639556884765625,-0.002612476889771642,44.12898635864258,0.0732421875
277.85,8765440,0.6332106261958578,0.0,37.99263757175147,6366,589,0,229,501.51210640000005,0.2,85.80485452413559,0.0005,0.8082935810089111,5340,-7.007913245260715,0.0054760575,61.839115142822266,-0.004081057478106232,36.225914001464844,0.06474609375
254.07,8781824,0.63777289775249,0.0,38.266373865149404,6395,589,0,230,457.03897007000006,0.2,77.51324691772462,0.0005,0.818649172782898,5350,-7.0159435495734215,0.011761818,61.580081939697266,-0.002756813917221734,33.17087173461914,0.080499267578125
259.81,8798208,0.6191318177381007,0.0,37.14790906428604,6424,589,0,231,461.54282038,0.2,96.03741060495376,0.0005,0.7727248668670654,5360,-7.0417564630508425,0.0061023533,62.19306564331055,-0.0037477454854524693,45.50326919555664,0.05836181640625
275.48,8814592,0.602825771349115,0.0,36.169546280946896,6453,589,0,232,480.73868645000005,0.2,81.48784556388856,0.0005,0.800974428653717,5370,-7.052854385972023,0.010129921,62.46866226196289,-0.004323063085757894,38.27885818481445,0.0699462890625
297.18,8830976,0.6074283009759143,0.0,36.44569805855486,6481,588,0,233,501.5858194399999,0.2,78.57696377038955,0.0005,0.7962874174118042,5380,-7.046080780029297,0.0050722854,61.85063552856445,-0.0056570577511593,32.97400665283203,0.065283203125
266.39,8847360,0.6123332228624256,0.0,36.73999337174554,6511,588,0,234,464.0596012799999,0.2,70.46282052993774,0.0005,0.8313903212547302,5390,-7.036340337991715,0.006229825,61.4195442199707,-0.003883743314509047,29.475074768066406,0.07813720703125
283.6,8863744,0.6391357016671819,0.0,38.34814210003091,6539,588,0,235,498.35950801,0.2,81.36972434520722,0.0005,0.7965285778045654,5400,-7.020887634158134,0.00823531,61.038944244384766,-0.005149563954910263,42.06248474121094,0.069415283203125
293.48,8880128,0.6247239798788904,0.0,37.48343879273342,6567,588,0,236,526.0063791,0.2,76.38992043733597,0.0005,0.8025063276290894,5410,-7.01430748552084,0.005341231,61.230125427246094,-0.002755130016885232,32.51985549926758,0.063427734375
288.85,8896512,0.6317160511379086,0.0,37.902963068274516,6594,588,0,237,516.05069641,0.2,72.69001628160477,0.0005,0.8073665499687195,5420,-7.007995513081551,0.008123328,60.35695266723633,-0.0030747697135666387,34.16277313232422,0.066552734375
295.88,8912896,0.6673281778140633,0.0,40.03969066884379,6622,588,0,238,542.4901458,0.2,76.90668637752533,0.0005,0.809690535068512,5430,-7.009308850765228,0.010846762,60.74974822998047,-0.0041649624799902085,34.91935348510742,0.068878173828125
251.49,8929280,0.6517099552958682,0.0,39.1025973177521,6651,588,0,239,474.20493227,0.2,79.34443795681,0.0005,0.7947415709495544,5440,-7.023163662850857,0.0062539717,61.4709358215332,-0.0030323553241032642,37.52210235595703,0.0562255859375
253.28,8945664,0.6404284206318064,0.0,38.42570523790838,6679,588,0,240,460.8907571300001,0.2,93.5601822257042,0.0005,0.7744687795639038,5450,-7.022544522583485,0.0074248416,61.40464782714844,-0.0037480662005691555,39.40277099609375,0.063751220703125
257.26,8962048,0.6689416772528727,0.0,40.136500635172354,6707,588,0,241,473.39623574999996,0.2,87.35558618307114,0.0005,0.7949675917625427,5460,-7.000087974965572,0.0049729226,60.2255744934082,-0.003505804135784274,40.618919372558594,0.06947021484375
242.63,8978432,0.6727823081629487,0.0,40.36693848977692,6735,588,0,242,458.65450063,0.2,96.84475710391999,0.0005,0.7620995044708252,5470,-7.004424254596233,0.0072226077,60.874473571777344,-0.001850136636858224,50.57072448730469,0.08623046875
257.71,8994816,0.6316003374075769,0.0,37.89602024445462,6763,588,0,243,470.65149159999993,0.2,91.92482528686523,0.0005,0.7870253324508667,5480,-7.021872773766518,0.0065223062,61.88226318359375,-0.0028086085101676874,40.264163970947266,0.076177978515625
269.94,9011200,0.6654941190339119,0.0,39.92964714203471,6792,588,0,244,491.39649006,0.2,84.16483165025711,0.0005,0.8003618717193604,5490,-7.033055983483791,0.0069107795,61.69720458984375,-0.0022443863708758727,38.90373611450195,0.070062255859375
272.34,9027584,0.6484156755657502,0.0,38.90494053394502,6819,588,0,245,495.4790375,0.2,104.39846036434173,0.0005,0.7614688277244568,5500,-7.044610111415386,0.005451491,61.37266540527344,-0.0033407682785764337,47.675437927246094,0.055804443359375
232.13,9043968,0.6721636258301317,0.0,40.3298175498079,6848,588,0,246,438.18877117000005,0.2,80.50019789934159,0.0005,0.8053680658340454,5510,-7.059981235861779,0.005535786,62.00836944580078,-0.002458884598308941,39.71817398071289,0.0662841796875
241.41,9060352,0.6433879118742564,0.0,38.60327471245539,6877,588,0,247,443.99041582999996,0.2,105.03059449195862,0.0005,0.752267599105835,5520,-7.066832906007766,0.0060297064,62.62531661987305,-0.0027004878222214755,40.247859954833984,0.056134033203125
255.63,9076736,0.6214586565850926,0.0,37.28751939510555,6905,588,0,248,452.42430958999995,0.2,92.7991163611412,0.0005,0.7937901020050049,5530,-7.077710992097854,0.0075929128,62.922977447509766,-0.003621801530243829,51.610809326171875,0.061602783203125
286.98,9093120,0.6044059075721571,0.0,36.26435445432942,6934,588,0,249,496.3829608199999,0.2,87.6038046836853,0.0005,0.781287670135498,5540,-7.068969398736954,0.006242556,62.24395751953125,-0.004698663436283823,39.668663024902344,0.065985107421875
297.57,9109504,0.6500285948378618,0.0,39.00171569027171,6963,588,0,250,523.91493115,0.2,81.60108313560485,0.0005,0.7987667918205261,5550,-7.0471453189849855,0.008463899,62.178977966308594,-0.003933778405553312,31.985387802124023,0.077783203125
257.25,9125888,0.638988069491865,0.0,38.3392841695119,6991,588,0,251,467.9195725100001,0.2,78.30918276309967,0.0005,0.8156530857086182,5560,-7.0493298977613446,0.013226721,62.965576171875,-0.002865708328317851,35.253623962402344,0.082623291015625
261.62,9142272,0.6356845404010792,0.0,38.14107242406476,7019,588,0,252,468.06828622,0.2,94.92947323322296,0.0005,0.758543848991394,5570,-7.054717630147934,0.006822152,63.55432891845703,-0.003791304980768473,44.81903839111328,0.066705322265625
281.42,9158656,0.6149533022603074,0.0,36.89719813561844,7048,588,0,253,501.46370119000005,0.2,84.70764286518097,0.0005,0.8006919622421265,5580,-7.066335733234882,0.0060391617,64.43657684326172,-0.0024766758077021224,36.598052978515625,0.077801513671875
304.23,9175040,0.6042043169795726,0.0,36.25225901877435,7077,588,0,254,527.81724008,0.2,63.77348335981369,0.0005,0.8247924447059631,5590,-7.070918017625809,0.006711822,64.45675659179688,-0.002348079704825068,30.533662796020508,0.0662353515625
297.71,9191424,0.6020312725377397,0.0,36.12187635226438,7105,587,0,255,505.93326308999997,0.2,66.38164168596268,0.0005,0.8311000466346741,5600,-7.075027614831924,0.0060461583,65.1314697265625,-0.004219955369262607,22.387500762939453,0.06435546875
311.6,9207808,0.6099419951919349,0.0,36.5965197115161,7134,587,0,256,529.12273048,0.2,72.62860929965973,0.0005,0.8141361474990845,5610,-7.085546240210533,0.0064237555,65.32485961914062,-0.0026954575572744944,30.722497940063477,0.071624755859375
285.3,9224192,0.6433777025661458,0.0,38.60266215396875,7162,587,0,257,510.0693118700001,0.2,78.86491928100585,0.0005,0.8041068315505981,5620,-7.091934771835804,0.010848101,65.56473541259766,-0.0028410958890162873,32.7711296081543,0.070654296875
264.83,9240576,0.6487905033559899,0.0,38.9274302013594,7191,587,0,258,482.33446578,0.2,91.98632485866547,0.0005,0.7615213394165039,5630,-7.091231271624565,0.0054674004,65.44027709960938,-0.0034593660438986262,34.649757385253906,0.05921630859375
276.07,9256960,0.6403648364249981,0.0,38.42189018549989,7221,587,0,259,498.66921638,0.2,97.51578760147095,0.0005,0.7569213509559631,5640,-7.072960534691811,0.005434598,64.50276184082031,-0.004602690586398239,39.67174530029297,0.065692138671875
279.76,9273344,0.6502208798173782,0.0,39.013252789042696,7250,587,0,260,508.58344459000006,0.2,83.8277578830719,0.0005,0.8268837928771973,5650,-7.059575080871582,0.005954827,65.08841705322266,-0.0045970745673912464,45.15098571777344,0.069024658203125
249.87,9289728,0.6605716097558681,0.0,39.63429658535209,7279,587,0,261,461.06775233,0.2,86.79896994829178,0.0005,0.793027400970459,5660,-7.046406735479832,0.007865582,64.25220489501953,-0.0019854649115586655,38.8620491027832,0.07974853515625
253.01,9306112,0.6654429959692237,0.0,39.92657975815342,7309,587,0,262,473.86546791,0.2,105.55975751876831,0.0005,0.7828578352928162,5670,-7.0527937963604925,0.0047931727,65.27374267578125,-0.0036829519838647686,42.14289474487305,0.06168212890625
243.25,9322496,0.6358192793896535,0.0,38.14915676337921,7337,587,0,263,445.36334895999994,0.2,95.53196272850036,0.0005,0.7524061799049377,5680,-7.083562794327736,0.012538351,66.30838012695312,-0.0019311601776280441,44.30952835083008,0.08035888671875
253.43,9338880,0.6305116452197301,0.0,37.83069871318381,7365,587,0,264,451.49631232,0.2,95.25628638267517,0.0005,0.778876006603241,5690,-7.103012022376061,0.00554822,65.87619018554688,-0.004178472499188501,47.86418533325195,0.07220458984375
300.44,9355264,0.6013352775112217,0.0,36.080116650673304,7395,587,0,265,522.1105587699999,0.2,84.89770317077637,0.0005,0.7952393293380737,5700,-7.112653456628323,0.006946243,66.81268310546875,-0.003949137492963928,31.81552505493164,0.07513427734375
280.79,9371648,0.6540904144594273,0.0,39.24542486756563,7423,587,0,266,495.7465824,0.2,66.02984127998351,0.0005,0.8428531885147095,5710,-7.097713075578213,0.008055734,65.37911987304688,-0.002965803692495683,27.8000545501709,0.086474609375
233.82,9388032,0.6576017863770822,0.0,39.45610718262493,7452,586,0,267,431.41270586999997,0.2,97.39744834899902,0.0005,0.7750071287155151,5720,-7.100888560712337,0.0064453026,65.80963134765625,-0.0030370462925930044,44.74637222290039,0.064178466796875
247.09,9404416,0.645033023592466,0.0,38.701981415547955,7481,586,0,268,451.11544655000006,0.2,102.4982851266861,0.0005,0.7603231072425842,5730,-7.104924984276295,0.008148623,67.1646728515625,-0.004054652430932037,42.564353942871094,0.072039794921875
236.3,9420800,0.6431034386123332,0.0,38.58620631674,7509,586,0,269,429.0027140099999,0.2,94.01569645404815,0.0005,0.777015745639801,5740,-7.113780309259892,0.00692774,67.807373046875,-0.0010528290007641773,40.64966583251953,0.085638427734375
258.56,9437184,0.616152729212036,0.0,36.96916375272217,7536,586,0,270,450.75901818,0.2,104.8310938835144,0.0005,0.7433591485023499,5750,-7.1359172612428665,0.008159982,70.0997314453125,-0.004494993177650031,39.19318389892578,0.094854736328125
269.48,9453568,0.6077916033702917,0.0,36.467496202217504,7563,587,0,271,462.14466023,0.2,79.78019298315049,0.0005,0.7980093955993652,5760,-7.155441568791867,0.006978046,70.41731262207031,-0.0027632540186459664,35.88280487060547,0.08773193359375
300.08,9469952,0.552513742470454,0.0,33.15082454822724,7591,587,0,272,494.54711911,0.2,77.08679085969925,0.0005,0.7857410311698914,5770,-7.174856562912464,0.006799047,70.81598663330078,-0.004200749136361992,32.868896484375,0.069647216796875
333.74,9486336,0.551783481405201,0.0,33.10700888431205,7621,586,0,273,535.14407159,0.2,58.11243164539337,0.0005,0.8431911468505859,5780,-7.162739035487175,0.006073866,69.04340362548828,-0.004966236588006723,21.635128021240234,0.08251953125
333.13,9502720,0.6134718431027903,0.0,36.80831058616742,7651,586,0,274,545.13061045,0.2,58.817252373695375,0.0005,0.8232018947601318,5790,-7.148047666251659,0.0069590285,67.74720764160156,-0.002174562069194508,31.29901695251465,0.09306640625
299.0,9519104,0.5641550483498353,0.0,33.84930290099011,7679,586,0,275,501.0445803700001,0.2,76.19185712337494,0.0005,0.8250657320022583,5800,-7.144684728980065,0.0045665195,67.53884887695312,-0.0027340402022673514,33.673641204833984,0.061724853515625
322.0,9535488,0.5912926351067262,0.0,35.477558106403585,7709,586,0,276,533.48621078,0.2,62.696872317790984,0.0005,0.846000075340271,5810,-7.138028745353222,0.008521726,66.85736083984375,-0.0024502552536432632,28.74479866027832,0.086053466796875
310.09,9551872,0.6084235989502667,0.0,36.505415937016,7737,586,0,277,521.15302738,0.2,71.07891268730164,0.0005,0.8027703762054443,5820,-7.137530668079853,0.0058535435,66.7602310180664,-0.004761014964969945,36.2142448425293,0.063751220703125
295.46,9568256,0.6300075147627031,0.0,37.800450885762174,7766,586,0,278,512.7494894099999,0.2,84.59404326677323,0.0005,0.7856482267379761,5830,-7.1392588108778,0.005290878,67.23345184326172,-0.004066767400217941,37.8923454284668,0.0582275390625
246.75,9584640,0.6398588612687098,0.0,38.39153167612259,7796,586,0,279,450.46548463000005,0.2,78.45741138458251,0.0005,0.7918651700019836,5840,-7.13158328384161,0.0066038347,66.35449981689453,-0.0050843727058236254,39.804229736328125,0.06300048828125
271.53,9601024,0.6407772205942412,0.0,38.446633235654474,7825,586,0,280,490.58600799000016,0.2,91.25134843587875,0.0005,0.7727247476577759,5850,-7.1249520376324655,0.0075039747,66.72551727294922,-0.005399825958738802,46.17416763305664,0.059820556640625
269.99,9617408,0.6596714372592348,0.0,39.580286235554084,7855,586,0,281,497.68274807,0.2,78.43383640050888,0.0005,0.7901806235313416,5860,-7.127693335711956,0.005009927,66.39899444580078,-0.0051936162410129326,35.93914794921875,0.05675048828125
264.71,9633792,0.6533349124822608,0.0,39.200094748935655,7882,586,0,282,482.9355394500001,0.2,93.52759615182876,0.0005,0.7759228944778442,5870,-7.134243920445442,0.00585795,68.06734466552734,-0.0038211843901081012,42.57126235961914,0.0554931640625
273.46,9650176,0.621999018692071,0.0,37.31994112152425,7909,586,0,283,483.86571841999995,0.2,78.42911018133164,0.0005,0.8069033622741699,5880,-7.136836071312428,0.0057697464,68.20464324951172,-0.003479490442259703,31.03543472290039,0.056280517578125
252.55,9666560,0.6133748096305145,0.0,36.80248857783087,7938,586,0,284,440.21834663999994,0.2,84.00944795608521,0.0005,0.7718580961227417,5890,-7.1500905975699425,0.006524166,69.20085906982422,-0.004122370397089981,42.914825439453125,0.066387939453125
255.18,9682944,0.6390370589201905,0.0,38.34222353521143,7965,586,0,285,454.25082203,0.2,81.06184440851212,0.0005,0.7833979725837708,5900,-7.16802314221859,0.0068604825,70.0777587890625,-0.0028585588712303433,37.3684196472168,0.076513671875
265.1,9699328,0.6385823098894734,0.0,38.3149385933684,7993,586,0,286,482.68825949999996,0.2,74.54593762159348,0.0005,0.8177094459533691,5910,-7.159375843405724,0.009221494,69.04060363769531,-0.00465208313344192,27.62792205810547,0.060302734375
276.26,9715712,0.6228256910229377,0.0,37.36954146137626,8021,586,0,287,489.84086329999997,0.2,83.88090476989746,0.0005,0.7728440761566162,5920,-7.154393687844276,0.0062812865,69.72477722167969,-0.003606964598657214,49.78617858886719,0.070367431640625
257.69,9732096,0.6493116105131231,0.0,38.95869663078739,8051,586,0,288,468.38884578000005,0.2,81.86514953374862,0.0005,0.8073810338973999,5930,-7.1462878584861755,0.0043319855,69.0024642944336,-0.003665483684744686,37.36040496826172,0.061810302734375
267.38,9748480,0.6418235286485721,0.0,38.50941171891432,8078,586,0,289,491.56240274000004,0.2,93.39861050844192,0.0005,0.7755375504493713,5940,-7.139069904386997,0.005737518,68.74221801757812,-0.003459662045315781,44.180850982666016,0.075677490234375
286.5,9764864,0.6521953550537545,0.0,39.13172130322526,8107,586,0,290,518.0974701199999,0.2,75.02727955579758,0.0005,0.8047943711280823,5950,-7.139646638929844,0.004900443,68.72222137451172,-0.0035053277162660377,30.316757202148438,0.0687255859375
262.28,9781248,0.6583999052151779,0.0,39.50399431291067,8134,586,0,291,479.69241867,0.2,95.54950833320618,0.0005,0.7860771417617798,5960,-7.141032037138939,0.005538541,68.60564422607422,-0.0031751256115967407,42.81053924560547,0.066790771484375
260.57,9797632,0.6627887462022057,0.0,39.76732477213235,8163,586,0,292,485.45349354999996,0.2,96.91767017841339,0.0005,0.7581024169921875,5970,-7.128209017217159,0.006153333,68.10971069335938,-0.004078862135793315,48.72549819946289,0.06534423828125
265.25,9814016,0.6676745280555652,0.0,40.06047168333391,8192,585,0,293,497.5451496300001,0.2,83.42820019721985,0.0005,0.7703949213027954,5980,-7.108348293602466,0.0075035673,68.16532897949219,-0.003045659426425118,34.69734191894531,0.08629150390625
285.73,9830400,0.629001700402757,0.0,37.74010202416542,8220,585,0,294,521.10155828,0.2,84.95816388130189,0.0005,0.7979285717010498,5990,-7.129422467947006,0.006850643,69.44538879394531,-0.0031828395807679045,38.72410202026367,0.078070068359375
274.17,9846784,0.6534509547181797,0.0,39.20705728309078,8249,585,0,295,495.05780858,0.2,74.46035307645798,0.0005,0.8219412565231323,6000,-7.1291854426264765,0.006590855,68.24612426757812,-0.004604464839940192,35.25741958618164,0.084197998046875
253.0,9863168,0.6748666360122886,0.0,40.49199816073731,8278,585,0,296,471.97379085,0.2,96.89750134944916,0.0005,0.7880821824073792,6010,-7.127529260516167,0.006980012,68.32371520996094,-0.0035931225669628476,35.4291877746582,0.06199951171875
255.35,9879552,0.6716194361401853,0.0,40.29716616841112,8308,585,0,297,482.77059354,0.2,89.1593696475029,0.0005,0.7742745876312256,6020,-7.141697458922863,0.012438977,69.41653442382812,-0.0026893445261521264,39.20491409301758,0.07591552734375
278.47,9895936,0.6205524055091987,0.0,37.233144330551916,8337,585,0,298,501.22717636,0.2,89.01316450834274,0.0005,0.7861396074295044,6030,-7.154831402003765,0.007019937,70.37471771240234,-0.0035300035808177197,31.169841766357422,0.062213134765625
268.92,9912320,0.6397828188809314,0.0,38.38696913285588,8365,585,0,299,474.47686940000006,0.2,82.72139773368835,0.0005,0.8159846663475037,6040,-7.168232363462448,0.009961765,71.54171752929688,-0.0036503863062534946,33.52018737792969,0.066046142578125
282.75,9928704,0.6246905542548891,0.0,37.48143325529334,8393,585,0,300,503.5345737800001,0.2,92.78444256782532,0.0005,0.7945799231529236,6050,-7.170803904533386,0.005964706,72.12390899658203,-0.004776843914441997,47.88893508911133,0.064324951171875
278.99,9945088,0.6539972203288446,0.0,39.23983321973067,8421,585,0,301,506.69329008,0.2,78.36864219903946,0.0005,0.7922009229660034,6060,-7.154935368895531,0.006752083,70.5573959350586,-0.004088946931005921,30.599811553955078,0.067620849609375
245.56,9961472,0.6731885687251178,0.0,40.39131412350707,8450,585,0,302,459.2518016399999,0.2,94.55474388599396,0.0005,0.774593710899353,6070,-7.137124861776829,0.0047845393,69.5728530883789,-0.0038079504931374684,42.859066009521484,0.0637939453125
267.39,9977856,0.6351291949462322,0.0,38.10775169677393,8478,585,0,303,493.69575754000005,0.2,102.92682616710663,0.0005,0.7657724618911743,6080,-7.149353900551796,0.006850086,71.13116455078125,-0.0028924366732098862,32.932010650634766,0.070281982421875
304.63,9994240,0.6082871651000877,0.0,36.497229906005266,8506,585,0,304,540.41288594,0.2,87.58898216485977,0.0005,0.7686994075775146,6090,-7.1848065122962,0.0069229146,72.09395599365234,0.00029642698646057395,35.939727783203125,0.09754638671875
294.43,10010624,0.6406434911320664,0.0,38.43860946792399,8535,585,0,305,517.59357141,0.2,77.1404920220375,0.0005,0.8010200262069702,6100,-7.186647774279118,0.0061075897,71.79846954345703,-0.0023939600640005667,30.03791618347168,0.0756591796875
276.36,10027008,0.6281833053030073,0.0,37.69099831818043,8563,585,0,306,494.9275773199999,0.2,80.78446311950684,0.0005,0.7890336513519287,6110,-7.1807320475578305,0.0052480744,71.85823822021484,-0.005258693144787685,37.64036178588867,0.0553466796875
